region,latitude,longitude,rainfall,sst,wind_speed,pressure,sst_above_threshold,sst_danger_zone,pressure_anomaly,low_pressure_flag,high_wind_flag,rainfall_intensity,heavy_rainfall_flag,risk_score,risk_level,cyclone_probability,distance_from_equator,bay_of_bengel_flag,arabian_sea_flag,sst_norm,wind_norm,pressure_norm,rainfall_norm
Andhra Pradesh,13.0,79.0,0.26405558,28.62800407409668,3.0647168159484863,1012.1956787109376,1,1,-0.7909123347354807,0,0,1,0,3,Moderate,0.3,13.0,0,0,0.6425372034270597,0.4650378277513713,0.44163282950706123,0.3069860114536691
Andhra Pradesh,13.0,79.5,0.23762502,28.62800407409668,2.780597448348999,1012.6326293945312,1,1,-0.3539616511418444,0,0,1,0,3,Moderate,0.3,13.0,0,0,0.6425372034270597,0.41862712328922774,0.552160689197326,0.27544544221008027
Andhra Pradesh,13.0,80.0,0.23494445,28.62800407409668,3.4109041690826416,1012.8046264648438,1,1,-0.1819645808293444,0,0,1,0,3,Moderate,0.3,13.0,0,0,0.6425372034270597,0.521587295218474,0.5956678142996094,0.27224661843573394
Andhra Pradesh,13.0,80.5,0.287375,28.62800407409668,4.403415203094482,1012.845947265625,1,1,-0.1406437800480944,0,0,1,0,3,Moderate,0.3,13.0,1,0,0.6425372034270597,0.6837132941045253,0.6061200228497321,0.3348139417446024
Andhra Pradesh,13.0,81.0,0.3672778,28.62800407409668,4.829805850982666,1012.8253784179688,1,1,-0.1612126277043444,0,0,2,0,3,Moderate,0.3,13.0,1,0,0.6425372034270597,0.7533639149395553,0.600917077086968,0.4301649216767956
Andhra Pradesh,13.0,81.5,0.39620838,28.62800407409668,2.487310488254596,1012.9865910456731,1,1,0.0,0,0,2,0,3,Moderate,0.3,13.0,1,0,0.6425372034270597,0.3707188988603684,0.6416962482022507,0.4646888576716133
Andhra Pradesh,13.0,82.0,0.4591111,28.62800407409668,5.147040843963623,1012.8035888671876,1,1,-0.18300217848548073,0,1,2,0,5,Moderate,0.5,13.0,1,0,0.6425372034270597,0.8051840341686112,0.5954053511602703,0.5397530105223315
Andhra Pradesh,13.5,79.0,0.22570835,28.62800407409668,2.898764133453369,1012.3037719726562,1,1,-0.6828190730168444,0,0,1,0,3,Moderate,0.3,13.5,0,0,0.6425372034270597,0.4379295705176088,0.46897531302589124,0.2612248371495746
Andhra Pradesh,13.5,79.5,0.19806251,28.62800407409668,2.4131579399108887,1012.7390747070312,1,1,-0.2475163386418444,0,0,1,0,3,Moderate,0.3,13.5,0,0,0.6425372034270597,0.3586061307820375,0.5790863194948357,0.22823402912972268
Andhra Pradesh,13.5,80.0,0.20125002,28.62800407409668,2.962580919265747,1012.9942016601562,1,1,0.007610614483155587,0,0,1,0,3,Moderate,0.3,13.5,0,0,0.6425372034270597,0.44835399885238286,0.6436213737629495,0.2320378032408135
Andhra Pradesh,13.5,80.5,0.20293751,28.62800407409668,4.0132832527160645,1013.012451171875,1,1,0.025860126201905587,0,0,1,0,3,Moderate,0.3,13.5,1,0,0.6425372034270597,0.6199855067198363,0.6482376372141854,0.23405154775446976
Andhra Pradesh,13.5,81.0,0.27070835,28.62800407409668,4.467515468597412,1013.0037231445312,1,1,0.017132098858155587,0,0,1,0,3,Moderate,0.3,13.5,1,0,0.6425372034270597,0.694184028652953,0.6460298590418552,0.314925009070317
Andhra Pradesh,13.5,81.5,0.3546875,28.62800407409668,2.487310488254596,1012.9865910456731,1,1,0.0,0,0,2,0,3,Moderate,0.3,13.5,1,0,0.6425372034270597,0.3707188988603684,0.6416962482022507,0.41514044890937957
Andhra Pradesh,13.5,82.0,0.45420837,28.62800407409668,4.817858695983887,1012.9888916015624,1,1,0.0023005558892919,0,0,2,0,3,Moderate,0.3,13.5,1,0,0.6425372034270597,0.7514123553380522,0.6422781800496848,0.5339024006583096
Andhra Pradesh,14.0,79.0,0.21205556,28.62800407409668,2.7909469604492188,1012.5172119140624,1,1,-0.4693791316107081,0,0,1,0,3,Moderate,0.3,14.0,0,0,0.6425372034270597,0.42031770901546295,0.5229655246946648,0.2449324555896237
Andhra Pradesh,14.0,79.5,0.18404168,28.62800407409668,2.132618188858032,1012.9397583007812,1,1,-0.04683274489184441,0,0,1,0,3,Moderate,0.3,14.0,0,0,0.6425372034270597,0.3127801542356186,0.6298497784502324,0.21150245176368931
Andhra Pradesh,14.0,80.0,0.17358334,28.62800407409668,2.618354797363281,1013.072265625,1,1,0.08567457932690559,0,0,1,0,3,Moderate,0.3,14.0,0,0,0.6425372034270597,0.3921248971662013,0.6633678652483365,0.19902212607467648
Andhra Pradesh,14.0,80.5,0.16404168,28.62800407409668,3.6512610912323,1013.11669921875,1,1,0.1301081730769056,0,0,1,0,3,Moderate,0.3,14.0,1,0,0.6425372034270597,0.5608494341341259,0.674607463216563,0.1876357086878038
Andhra Pradesh,14.0,81.0,0.2840556,28.62800407409668,4.129984855651856,1013.100341796875,1,1,0.11375075120190559,0,0,1,0,3,Moderate,0.3,14.0,1,0,0.6425372034270597,0.6390486337775683,0.6704698090194686,0.3308527783962977
Andhra Pradesh,14.0,81.5,0.41508338,28.62800407409668,2.487310488254596,1012.9865910456731,1,1,0.0,0,0,2,0,3,Moderate,0.3,14.0,1,0,0.6425372034270597,0.3707188988603684,0.6416962482022507,0.4872130964494802
Andhra Pradesh,14.0,82.0,0.51955557,28.682933807373047,4.496466159820557,1013.0745849609376,1,1,0.08799391526451927,0,0,2,1,4,Moderate,0.4,14.0,1,0,0.6565477496481431,0.6989131042724166,0.6639545475598935,0.6118836423147349
Andhra Pradesh,14.5,79.0,0.22537501,28.62800407409668,2.858910083770752,1012.56396484375,1,1,-0.4226262019230944,0,0,1,0,3,Moderate,0.3,14.5,0,0,0.6425372034270597,0.4314194387477573,0.5347918049744484,0.26082705014272883
Andhra Pradesh,14.5,79.5,0.19100001,28.62800407409668,2.194749355316162,1012.94384765625,1,1,-0.04274338942309441,0,0,1,0,3,Moderate,0.3,14.5,0,0,0.6425372034270597,0.3229292378012324,0.630884191999506,0.21980608548105063
Andhra Pradesh,14.5,80.0,0.16116668,28.62800407409668,2.566413164138794,1013.1802368164062,1,1,0.1936457707331556,0,0,1,0,3,Moderate,0.3,14.5,0,0,0.6425372034270597,0.3836402668883354,0.6906794707507989,0.18420486437064526
Andhra Pradesh,14.5,80.5,0.11706251,28.62800407409668,3.428123712539673,1013.2254638671876,1,1,0.23887282151451927,0,0,1,0,3,Moderate,0.3,14.5,1,0,0.6425372034270597,0.5244000958702194,0.7021197758256297,0.13157371967238635
Andhra Pradesh,14.5,81.0,0.22079168,28.62800407409668,3.836989402770996,1013.26171875,1,1,0.2751277043269056,0,0,1,0,3,Moderate,0.3,14.5,1,0,0.6425372034270597,0.5911880268527552,0.7112905466952802,0.2553575921656289
Andhra Pradesh,14.5,81.5,0.37775,28.62800407409668,2.487310488254596,1012.9865910456731,1,1,0.0,0,0,2,0,3,Moderate,0.3,14.5,1,0,0.6425372034270597,0.3707188988603684,0.6416962482022507,0.44266178701876
Andhra Pradesh,14.5,82.0,0.39737502,28.62800407409668,4.150249004364014,1013.2679443359376,1,1,0.2813532902645193,0,0,2,0,3,Moderate,0.3,14.5,1,0,0.6425372034270597,0.6423587686163259,0.7128653255315166,0.4660810525287158
Andhra Pradesh,15.0,79.0,0.24380557,28.62800407409668,3.0055575370788574,1012.629638671875,1,1,-0.3569523737980944,0,0,1,0,3,Moderate,0.3,15.0,0,0,0.6425372034270597,0.45537419999163936,0.5514041777956185,0.2828209221559635
Andhra Pradesh,15.0,79.5,0.20804167,28.62800407409668,2.3775312900543213,1013.0156860351562,1,1,0.029094989483155587,0,0,1,0,3,Moderate,0.3,15.0,0,0,0.6425372034270597,0.35278654188375363,0.6490559046486853,0.2401425315213804
Andhra Pradesh,15.0,80.0,0.16808334,28.62800407409668,2.7683980464935303,1013.177978515625,1,1,0.1913874699519056,0,0,1,0,3,Moderate,0.3,15.0,0,0,0.6425372034270597,0.4166343593361303,0.6901082274474688,0.19245877172880796
Andhra Pradesh,15.0,80.5,0.12604167,28.62800407409668,3.406203269958496,1013.2799072265624,1,1,0.2933161808892919,0,0,1,0,3,Moderate,0.3,15.0,1,0,0.6425372034270597,0.5208194065602654,0.7158913711382893,0.14228888491024977
Andhra Pradesh,15.0,81.0,0.24055558,28.62800407409668,3.62007474899292,1013.3004760742188,1,1,0.3138850285456556,0,0,1,0,3,Moderate,0.3,15.0,1,0,0.6425372034270597,0.5557551664495397,0.7210943169010823,0.2789425883395036
Andhra Pradesh,15.0,81.5,0.24970834,28.62800407409668,2.487310488254596,1012.9865910456731,1,1,0.0,0,0,1,0,3,Moderate,0.3,15.0,1,0,0.6425372034270597,0.3707188988603684,0.6416962482022507,0.28986491690726574
Andhra Pradesh,15.0,82.0,0.27880558,28.62800407409668,3.869003772735596,1013.2960815429688,1,1,0.3094904972956556,0,0,1,0,3,Moderate,0.3,15.0,1,0,0.6425372034270597,0.5964175523001836,0.7199827083108181,0.3245877344721346
Andhra Pradesh,15.5,79.0,0.28058335,28.62800407409668,2.88906478881836,1012.5714111328124,1,1,-0.4151799128607081,0,0,1,0,3,Moderate,0.3,15.5,0,0,0.6425372034270597,0.4363451892023355,0.5366753639745895,0.32670921346403553
Andhra Pradesh,15.5,79.5,0.23887502,28.62800407409668,2.334824323654175,1012.8959350585938,1,1,-0.09065598707934441,0,0,1,0,3,Moderate,0.3,15.5,0,0,0.6425372034270597,0.3458103881184604,0.6187645705639869,0.2769371136523231
Andhra Pradesh,15.5,80.0,0.21895833,28.62800407409668,2.7943193912506104,1013.1246948242188,1,1,0.1381037785456556,0,0,1,0,3,Moderate,0.3,15.5,0,0,0.6425372034270597,0.42086859328134324,0.6766299732905158,0.2531697874947202
Andhra Pradesh,15.5,80.5,0.13387501,28.62800407409668,3.3864006996154785,1013.289794921875,1,1,0.3032038762019056,0,0,1,0,3,Moderate,0.3,15.5,1,0,0.6425372034270597,0.5175846702325534,0.7183924904664124,0.15163670057055262
Andhra Pradesh,15.5,81.0,0.21458334,28.62800407409668,3.5209200382232666,1013.3845825195312,1,1,0.3979914738581556,0,0,1,0,3,Moderate,0.3,15.5,1,0,0.6425372034270597,0.5395583122313974,0.7423692701980825,0.24794894938024178
Andhra Pradesh,15.5,81.5,0.28343752,28.62800407409668,2.487310488254596,1012.9865910456731,1,1,0.0,0,0,1,0,3,Moderate,0.3,15.5,1,0,0.6425372034270597,0.3707188988603684,0.6416962482022507,0.33011520056828053
Andhra Pradesh,15.5,82.0,0.20970835,28.62800407409668,3.658398151397705,1013.4636840820312,1,1,0.4770930363581556,0,0,1,0,3,Moderate,0.3,15.5,1,0,0.6425372034270597,0.5620152680329684,0.7623782248228373,0.24213144268886622
Andhra Pradesh,16.0,79.0,0.29516667,28.62800407409668,2.627337455749512,1012.76318359375,1,1,-0.2234074519230944,0,0,1,0,3,Moderate,0.3,16.0,0,0,0.6425372034270597,0.3935922082726918,0.5851847277330904,0.34411203104570665
Andhra Pradesh,16.0,79.5,0.27150002,28.62800407409668,2.1104037761688232,1012.9244384765624,1,1,-0.0621525691107081,0,0,1,0,3,Moderate,0.3,16.0,0,0,0.6425372034270597,0.3091514451094872,0.6259745873924771,0.31586973829486137
Andhra Pradesh,16.0,80.0,0.2578611,28.62800407409668,2.278303384780884,1012.98046875,1,1,-0.006122295673094413,0,0,1,0,3,Moderate,0.3,16.0,0,0,0.6425372034270597,0.33657773139345676,0.640147596918374,0.29959390832123356
Andhra Pradesh,16.0,80.5,0.24545835,28.62800407409668,2.686892509460449,1013.138916015625,1,1,0.1523249699519056,0,0,1,0,3,Moderate,0.3,16.0,1,0,0.6425372034270597,0.4033204855821841,0.6802272622006762,0.28479324593701155
Andhra Pradesh,16.0,81.0,0.23005557,28.62800407409668,3.3281288146972656,1013.3434448242188,1,1,0.3568537785456556,0,0,1,0,3,Moderate,0.3,16.0,1,0,0.6425372034270597,0.5080659976681278,0.7319633786725541,0.2664125362912922
Andhra Pradesh,16.0,81.5,0.17708333,28.62800407409668,2.487310488254596,1012.9865910456731,1,1,0.0,0,0,1,0,3,Moderate,0.3,16.0,1,0,0.6425372034270597,0.3707188988603684,0.6416962482022507,0.20319879417958492
Andhra Pradesh,16.0,82.0,0.17702778,28.573074340820312,3.4518096446990967,1013.4180297851562,1,1,0.4314387394831556,0,0,1,0,3,Moderate,0.3,16.0,1,0,0.6285266572059763,0.5282691766958216,0.7508298466906486,0.20313250430069163
Andhra Pradesh,16.5,79.0,0.31250003,28.62800407409668,2.326369524002075,1012.7845458984376,1,1,-0.20204514723548073,0,0,2,0,3,Moderate,0.3,16.5,0,0,0.6425372034270597,0.3444293023753252,0.5905883806024589,0.3647965735337982
Andhra Pradesh,16.5,79.5,0.294375,28.62800407409668,1.832272291183472,1012.7965698242188,1,1,-0.1900212214543444,0,0,1,0,3,Moderate,0.3,16.5,0,0,0.6425372034270597,0.26371885717880944,0.5936298652174584,0.34316730182116234
Andhra Pradesh,16.5,80.0,0.2760417,28.62800407409668,1.8011878728866575,1012.885986328125,1,1,-0.10060471754809441,0,0,1,0,3,Moderate,0.3,16.5,0,0,0.6425372034270597,0.2586412387005621,0.6162480122276945,0.3212894937795057
Andhra Pradesh,16.5,80.5,0.26006252,28.62800407409668,2.066239595413208,1012.99755859375,1,1,0.010967548076905587,0,0,1,0,3,Moderate,0.3,16.5,1,0,0.6425372034270597,0.3019372563754375,0.6444705192138457,0.30222094459833937
Andhra Pradesh,16.5,81.0,0.25820836,28.62800407409668,2.5695443153381348,1013.15380859375,1,1,0.1672175480769056,0,0,1,0,3,Moderate,0.3,16.5,1,0,0.6425372034270597,0.384151738296169,0.6839943802010159,0.30000830658126015
Andhra Pradesh,16.5,81.5,0.25343752,28.62800407409668,2.487310488254596,1012.9865910456731,1,1,0.0,0,0,1,0,3,Moderate,0.3,16.5,1,0,0.6425372034270597,0.3707188988603684,0.6416962482022507,0.29431508595445227
Andhra Pradesh,16.5,82.0,0.20862502,28.62800407409668,2.7641797065734863,1013.4744262695312,1,1,0.4878352238581556,0,0,1,0,3,Moderate,0.3,16.5,1,0,0.6425372034270597,0.4159452963940151,0.7650954902657053,0.24083866475004626
Andhra Pradesh,17.0,79.0,0.34897223,28.62800407409668,2.100421905517578,1012.955810546875,1,1,-0.030780498798094413,0,0,2,0,3,Moderate,0.3,17.0,0,0,0.6425372034270597,0.30752091336260773,0.6339102376063361,0.40832020487441373
Andhra Pradesh,17.0,79.5,0.32662502,28.62800407409668,1.5520284175872805,1012.9085693359376,1,1,-0.07802170973548073,0,0,2,0,3,Moderate,0.3,17.0,0,0,0.6425372034270597,0.21794121201266334,0.6219604452610252,0.3816524488977708
Andhra Pradesh,17.0,80.0,0.30972224,28.62800407409668,1.3776451349258425,1012.9307250976562,1,1,-0.05586594801684441,0,0,2,0,3,Moderate,0.3,17.0,0,0,0.6425372034270597,0.18945582200522393,0.6275648052369116,0.36148173352136
Andhra Pradesh,17.0,80.5,0.29179168,28.62800407409668,1.5362660884857178,1012.9757690429688,1,1,-0.010822002704344413,0,0,1,0,3,Moderate,0.3,17.0,1,0,0.6425372034270597,0.21536644632967444,0.6389587932871192,0.3400845300850225
Andhra Pradesh,17.0,81.0,0.26733336,28.62800407409668,1.86371910572052,1013.0667724609376,1,1,0.08018141526451927,0,0,1,0,3,Moderate,0.3,17.0,1,0,0.6425372034270597,0.26885567283515055,0.661978354510535,0.3108975081096329
Andhra Pradesh,17.0,81.5,0.23716669,28.62800407409668,2.487310488254596,1012.9865910456731,1,1,0.0,0,0,1,0,3,Moderate,0.3,17.0,1,0,0.6425372034270597,0.3707188988603684,0.6416962482022507,0.27489849999238175
Andhra Pradesh,17.0,82.0,0.22666669,28.62800407409668,2.255549430847168,1013.1389770507812,1,1,0.1523860051081556,0,0,1,0,3,Moderate,0.3,17.0,1,0,0.6425372034270597,0.3328608885738868,0.6802427012088743,0.26236845987754187
Andhra Pradesh,17.5,79.0,0.40808335,28.62800407409668,2.0142853260040283,1013.0138549804688,1,1,0.027263934795655587,0,0,2,0,3,Moderate,0.3,17.5,0,0,0.6425372034270597,0.2934505619854406,0.648592734402742,0.47885970057280564
Andhra Pradesh,17.5,79.5,0.37668753,28.62800407409668,1.3670181035995483,1013.0094604492188,1,1,0.022869403545655587,0,0,2,0,3,Moderate,0.3,17.5,0,0,0.6425372034270597,0.18771990370313255,0.6474811258124779,0.44139390209296825
Andhra Pradesh,17.5,80.0,0.36070836,28.62800407409668,1.052407145500183,1013.01953125,1,1,0.03294020432690559,0,0,2,0,3,Moderate,0.3,17.5,0,0,0.6425372034270597,0.1363284187780907,0.6500285621651665,0.42232536484517336
Andhra Pradesh,17.5,80.5,0.35037503,28.62800407409668,1.0760321617126465,1012.9639282226562,1,1,-0.022662823016844413,0,0,2,0,3,Moderate,0.3,17.5,1,0,0.6425372034270597,0.14018754902540145,0.6359636256966853,0.40999421823375637
Andhra Pradesh,17.5,81.0,0.312375,28.62800407409668,1.2103960514068604,1012.946044921875,1,1,-0.04054612379809441,0,0,2,0,3,Moderate,0.3,17.5,1,0,0.6425372034270597,0.16213579855048407,0.631439996294638,0.3646473705894593
Andhra Pradesh,17.5,81.5,0.268125,28.62800407409668,2.487310488254596,1012.9865910456731,1,1,0.0,0,0,1,0,3,Moderate,0.3,17.5,1,0,0.6425372034270597,0.3707188988603684,0.6416962482022507,0.3118422015340626
Andhra Pradesh,17.5,82.0,0.2631667,28.62800407409668,1.3536818027496338,1013.2860107421876,1,1,0.2994196965145193,0,0,1,0,3,Moderate,0.3,17.5,1,0,0.6425372034270597,0.18554142807652152,0.7174352719581581,0.3059252779244044
Andhra Pradesh,18.0,79.0,0.41286114,28.62800407409668,2.037416219711304,1012.9257202148438,1,1,-0.06087083082934441,0,0,2,0,3,Moderate,0.3,18.0,0,0,0.6425372034270597,0.2972289776593307,0.6262988065646663,0.4845612148928324
Andhra Pradesh,18.0,79.5,0.37762502,28.62800407409668,1.3973065614700315,1013.0099487304688,1,1,0.023357684795655587,0,0,2,0,3,Moderate,0.3,18.0,0,0,0.6425372034270597,0.19266750258988868,0.6476046378780627,0.4425126437412788
Andhra Pradesh,18.0,80.0,0.39297223,28.62800407409668,1.0014057159423828,1012.9771118164062,1,1,-0.009479229266844413,0,0,2,0,3,Moderate,0.3,18.0,0,0,0.6425372034270597,0.12799737012641765,0.6392984514674778,0.46082703964136185
Andhra Pradesh,18.0,80.5,0.3832917,28.62800407409668,0.8591976761817932,1012.9134521484376,1,1,-0.07313889723548073,0,0,2,0,3,Moderate,0.3,18.0,1,0,0.6425372034270597,0.1047677840505637,0.6231955659168743,0.4492749035239418
Andhra Pradesh,18.0,81.0,0.34933335,28.62800407409668,0.8129116892814636,1012.9912719726562,1,1,0.004680926983155587,0,0,2,0,3,Moderate,0.3,18.0,1,0,0.6425372034270597,0.09720699973332547,0.6428803013694401,0.40875114278739194
Andhra Pradesh,18.0,81.5,0.32725003,28.62800407409668,2.487310488254596,1012.9865910456731,1,1,0.0,0,0,2,0,3,Moderate,0.3,18.0,1,0,0.6425372034270597,0.3707188988603684,0.6416962482022507,0.38239829655226376
Andhra Pradesh,18.0,82.0,0.33083335,28.62800407409668,0.8168428540229797,1013.0521850585938,1,1,0.06559401292065559,0,0,2,0,3,Moderate,0.3,18.0,1,0,0.6425372034270597,0.0978491528063525,0.6582884315511571,0.3866744054421979
Andhra Pradesh,18.5,79.0,0.41304168,28.62800407409668,1.9314714670181277,1012.7134399414062,1,1,-0.2731511042668444,0,0,2,0,3,Moderate,0.3,18.5,0,0,0.6425372034270597,0.2799229747349219,0.572601936051628,0.48477665998257846
Andhra Pradesh,18.5,79.5,0.38743752,28.62800407409668,1.3262144327163696,1012.85107421875,1,1,-0.1355168269230944,0,0,2,0,3,Moderate,0.3,18.5,0,0,0.6425372034270597,0.18105465195936793,0.6074168995383736,0.45422226456288517
Andhra Pradesh,18.5,80.0,0.40904167,28.62800407409668,0.9213486313819884,1012.8438110351562,1,1,-0.1427800105168444,0,0,2,0,3,Moderate,0.3,18.5,0,0,0.6425372034270597,0.11492010009366539,0.6055796575627982,0.4800032994340298
Andhra Pradesh,18.5,80.5,0.43268752,28.62800407409668,0.9132512807846068,1012.826904296875,1,1,-0.1596867487980944,0,0,2,0,3,Moderate,0.3,18.5,1,0,0.6425372034270597,0.11359740340925212,0.6013030522919207,0.5082207707720762
Andhra Pradesh,18.5,81.0,0.42358336,28.62800407409668,1.2352828979492188,1013.2017822265624,1,1,0.2151911808892919,0,0,2,0,3,Moderate,0.3,18.5,1,0,0.6425372034270597,0.1662010479195461,0.6961294406447043,0.4973564383899885
Andhra Pradesh,18.5,81.5,0.43875003,28.62800407409668,2.487310488254596,1012.9865910456731,1,1,0.0,0,0,2,0,3,Moderate,0.3,18.5,1,0,0.6425372034270597,0.3707188988603684,0.6416962482022507,0.5154553892003255
Andhra Pradesh,18.5,82.0,0.43433335,28.62800407409668,1.4575294256210327,1012.96923828125,1,1,-0.017352764423094413,0,0,2,0,3,Moderate,0.3,18.5,1,0,0.6425372034270597,0.2025048662782238,0.6373068194099211,0.5101848008599054
Andhra Pradesh,19.0,79.0,0.46986115,28.62800407409668,1.887906789779663,1012.724365234375,1,1,-0.2622258112980944,0,0,2,0,3,Moderate,0.3,19.0,0,0,0.6425372034270597,0.2728067144905545,0.5753655185190903,0.5525814445924776
Andhra Pradesh,19.0,79.5,0.46037504,28.62800407409668,1.2962243556976318,1012.7945556640624,1,1,-0.1920353816107081,0,0,2,0,3,Moderate,0.3,19.0,0,0,0.6425372034270597,0.17615579338075946,0.593120377946892,0.5412613170844982
Andhra Pradesh,19.0,80.0,0.45891666,28.62800407409668,0.8776687979698181,1012.7647094726562,1,1,-0.2218815730168444,0,0,2,0,3,Moderate,0.3,19.0,0,0,0.6425372034270597,0.10778502916704844,0.5855707029380433,0.5395209780461477
Andhra Pradesh,19.0,80.5,0.4577917,28.62800407409668,1.002678155899048,1012.8318481445312,1,1,-0.1547429011418444,0,0,2,0,3,Moderate,0.3,19.0,1,0,0.6425372034270597,0.12820522232344866,0.6025536119559679,0.5381785214816154
Andhra Pradesh,19.0,81.0,0.46044445,28.62800407409668,1.8577548265457156,1013.2672119140624,1,1,0.2806208683892919,0,0,2,0,3,Moderate,0.3,19.0,1,0,0.6425372034270597,0.2678814119093633,0.7126800574330817,0.5413441466163431
Andhra Pradesh,19.0,81.5,0.4371667,28.62800407409668,2.487310488254596,1012.9865910456731,1,1,0.0,0,0,2,0,3,Moderate,0.3,19.0,1,0,0.6425372034270597,0.3707188988603684,0.6416962482022507,0.5135659426846084
Andhra Pradesh,19.0,82.0,0.40363893,28.62800407409668,2.080283164978028,1013.5747680664062,1,1,0.5881770207331556,0,0,2,0,3,Moderate,0.3,19.0,1,0,0.6425372034270597,0.30423126386311145,0.7904772197434037,0.47355600905973927
Gujarat,20.0,68.0,0.19619446,27.6016845703125,3.495902299880981,1013.93310546875,1,0,0.391652753276162,0,0,1,0,2,Low,0.2,20.0,0,1,0.3807610034039999,0.5354716817763,0.8811196368745272,0.22600481565957728
Gujarat,20.0,68.5,0.17941667,26.994644165039062,2.310753705040101,1013.5414527154738,1,0,0.0,0,0,1,0,2,Low,0.2,20.0,0,1,0.2259274160396162,0.34187846902347796,0.7820500114298584,0.20598325549401925
Gujarat,20.0,69.0,0.15802778,26.994644165039062,3.621760845184326,1013.736083984375,1,0,0.194631268901162,0,0,1,0,2,Low,0.2,20.0,0,1,0.2259274160396162,0.5560305891097239,0.8312825184110173,0.1804590983786004
Gujarat,20.0,69.5,0.18300001,26.994644165039062,3.609419107437134,1013.5415649414062,1,0,0.0001122259324120023,0,0,1,0,2,Low,0.2,20.0,0,1,0.2259274160396162,0.5540145746860199,0.78207839928363,0.2102593882506964
Gujarat,20.0,70.0,0.2056389,27.58179473876953,3.424509286880493,1013.345703125,1,0,-0.195749590473838,0,0,1,0,2,Low,0.2,20.0,0,1,0.37568784197501076,0.5238096819097566,0.7325346219758843,0.2372752168083581
Gujarat,20.0,70.5,0.3174167,26.994644165039062,3.161440849304199,1013.1612548828124,1,0,-0.3801978326614517,0,0,2,0,2,Low,0.2,20.0,0,1,0.2259274160396162,0.4808376324756537,0.6858779392011569,0.3706638185177439
Gujarat,20.0,71.0,0.3651389,26.994644165039062,3.0932090282440186,1012.9444580078124,1,0,-0.5969947076614517,0,0,2,0,2,Low,0.2,20.0,0,1,0.2259274160396162,0.46969201115144366,0.6310385820814584,0.427612492838545
Gujarat,20.0,71.5,0.32433334,26.994644165039062,2.310753705040101,1013.5414527154738,1,0,0.0,0,0,2,0,2,Low,0.2,20.0,0,1,0.2259274160396162,0.34187846902347796,0.7820500114298584,0.3789177020091635
Gujarat,20.5,68.0,0.171875,26.994644165039062,3.37501859664917,1014.0076293945312,1,0,0.466176679057412,0,0,1,0,2,Low,0.2,20.5,0,1,0.2259274160396162,0.5157254114942625,0.8999706658844235,0.19698350048136357
Gujarat,20.5,68.5,0.1886875,26.994644165039062,2.310753705040101,1013.5414527154738,1,0,0.0,0,0,1,0,2,Low,0.2,20.5,0,1,0.2259274160396162,0.34187846902347796,0.7820500114298584,0.21704648137952984
Gujarat,20.5,69.0,0.21275002,26.994644165039062,3.524203062057495,1013.7965698242188,1,0,0.255117108744912,0,0,1,0,2,Low,0.2,20.5,0,1,0.2259274160396162,0.5400945919303137,0.8465825755353477,0.24576118050944767
Gujarat,20.5,69.5,0.27518752,26.994644165039062,3.524904727935791,1013.5586547851562,1,0,0.017202069682412002,0,0,1,0,2,Low,0.2,20.5,0,1,0.2259274160396162,0.5402092085718468,0.7864013215791018,0.32027016904947775
Gujarat,20.5,70.0,0.23737502,26.994644165039062,3.1635401248931885,1013.344482421875,1,0,-0.196970293598838,0,0,1,0,2,Low,0.2,20.5,0,1,0.2259274160396162,0.4811805477079673,0.732225841811922,0.27514710792163166
Gujarat,20.5,70.5,0.24531251,26.994644165039062,2.5707876682281494,1013.075927734375,1,0,-0.465524981098838,0,0,1,0,2,Low,0.2,20.5,0,1,0.2259274160396162,0.3843548391407477,0.6642942057402232,0.2846192096465022
Gujarat,20.5,71.0,0.33491668,26.994644165039062,2.283665895462036,1012.9207763671876,1,0,-0.6206763482862243,0,0,2,0,2,Low,0.2,20.5,0,1,0.2259274160396162,0.33745369384719864,0.6250482469006479,0.39154719484240064
Gujarat,20.5,71.5,0.3088125,26.994644165039062,2.310753705040101,1013.5414527154738,1,0,0.0,0,0,2,0,2,Low,0.2,20.5,0,1,0.2259274160396162,0.34187846902347796,0.7820500114298584,0.36039610697906715
Gujarat,20.5,72.0,0.4325,26.994644165039062,2.6006712913513184,1012.8069458007812,1,0,-0.734506914692588,0,0,2,0,2,Low,0.2,20.5,0,1,0.2259274160396162,0.3892363085482911,0.5962544966111377,0.5079969961889966
Gujarat,21.0,68.0,0.3007778,26.994644165039062,3.3485589027404785,1014.0504760742188,1,0,0.509023358744912,0,0,2,0,2,Low,0.2,21.0,0,1,0.2259274160396162,0.5114032385831706,0.9108088496394992,0.3508080009494763
Gujarat,21.0,68.5,0.21700001,26.994644165039062,2.310753705040101,1013.5414527154738,1,0,0.0,0,0,1,0,2,Low,0.2,21.0,0,1,0.2259274160396162,0.34187846902347796,0.7820500114298584,0.2508328514797018
Gujarat,21.0,69.0,0.31355557,26.994644165039062,3.548758029937744,1013.8549194335938,1,0,0.313466718119912,0,0,2,0,2,Low,0.2,21.0,0,1,0.2259274160396162,0.5441056291468055,0.861342267372744,0.3660561886331142
Gujarat,21.0,69.5,0.31033334,26.994644165039062,3.4040274620056152,1013.6464233398438,1,0,0.104970624369912,0,0,2,0,2,Low,0.2,21.0,0,1,0.2259274160396162,0.5204639898186306,0.8086026153679887,0.36221098185604367
Gujarat,21.0,70.0,0.21808334,26.994644165039062,2.5193071365356445,1013.3718872070312,1,0,-0.169565508442588,0,0,1,0,2,Low,0.2,21.0,0,1,0.2259274160396162,0.37594552948290383,0.7391579564928749,0.25212562941852174
Gujarat,21.0,70.5,0.28100002,26.994644165039062,1.6463046073913574,1013.0823364257812,1,0,-0.459116289692588,0,0,1,0,2,Low,0.2,21.0,0,1,0.2259274160396162,0.23334116316622863,0.6659153016010252,0.327206441255907
Gujarat,21.0,71.0,0.30486113,26.994644165039062,1.3633933067321775,1012.8182983398438,1,0,-0.723154375630088,0,0,2,0,2,Low,0.2,21.0,0,1,0.2259274160396162,0.18712779561290196,0.5991261521359867,0.3556807903496791
Gujarat,21.0,71.5,0.301625,26.994644165039062,2.310753705040101,1013.5414527154738,1,0,0.0,0,0,2,0,2,Low,0.2,21.0,0,1,0.2259274160396162,0.34187846902347796,0.7820500114298584,0.3518189961861708
Gujarat,21.0,72.0,0.27069446,26.994644165039062,1.7293305397033691,1012.7605590820312,1,0,-0.780893633442588,0,0,1,0,2,Low,0.2,21.0,0,1,0.2259274160396162,0.2469033924495859,0.5845208503805716,0.31490843361725085
Gujarat,21.5,68.0,0.30704167,26.994644165039062,3.416644334793091,1014.1405639648438,1,0,0.599111249369912,0,0,2,0,2,Low,0.2,21.5,0,1,0.2259274160396162,0.5225249473630716,0.9335968257399144,0.35828290974701366
Gujarat,21.5,68.5,0.207,26.994644165039062,2.310753705040101,1013.5414527154738,1,0,0.0,0,0,1,0,2,Low,0.2,21.5,0,1,0.2259274160396162,0.34187846902347796,0.7820500114298584,0.2388994680083875
Gujarat,21.5,69.0,0.22400002,26.994644165039062,3.635770797729492,1013.9335327148438,1,0,0.392079999369912,0,0,1,0,2,Low,0.2,21.5,0,1,0.2259274160396162,0.5583191052802193,0.881227709931914,0.25918622348963327
Gujarat,21.5,69.5,0.19312501,26.994644165039062,3.151691436767578,1013.60595703125,1,0,0.064504315776162,0,0,1,0,2,Low,0.2,21.5,0,1,0.2259274160396162,0.4792450726028805,0.7983665529326396,0.22234192693286348
Gujarat,21.5,70.0,0.21475,26.994644165039062,2.058035135269165,1013.2265625,1,0,-0.314890215473838,0,0,1,0,2,Low,0.2,21.5,0,1,0.2259274160396162,0.3005970634198014,0.702397677973167,0.24814783095029314
Gujarat,21.5,70.5,0.25056252,26.994644165039062,1.4835319519042969,1012.9578857421876,1,0,-0.5835669732862243,0,0,1,0,2,Low,0.2,21.5,0,1,0.2259274160396162,0.20675236117024,0.6344351638851008,0.2908842416372937
Gujarat,21.5,71.0,0.2705417,26.994644165039062,1.295322299003601,1012.7697143554688,1,0,-0.771738360005088,0,0,1,0,2,Low,0.2,21.5,0,1,0.2259274160396162,0.17600844303647115,0.5868367016102886,0.3147261394336372
Gujarat,21.5,71.5,0.2864375,26.994644165039062,2.310753705040101,1013.5414527154738,1,0,0.0,0,0,1,0,2,Low,0.2,21.5,0,1,0.2259274160396162,0.34187846902347796,0.7820500114298584,0.33369518816292026
Gujarat,21.5,72.0,0.32895836,26.994644165039062,1.3790875673294067,1012.7290649414062,1,0,-0.812387774067588,0,0,2,0,2,Low,0.2,21.5,0,1,0.2259274160396162,0.18969144235224233,0.5765543221503451,0.3844369102122051
Gujarat,22.0,68.0,0.11511111,26.77370262145996,3.447049856185913,1014.2135009765624,1,0,0.6720482610885483,0,0,1,0,2,Low,0.2,22.0,0,1,0.16957338837852945,0.5274916684961727,0.9520464405366311,0.12924504155047223
Gujarat,22.0,68.5,0.09875,26.994644165039062,2.310753705040101,1013.5414527154738,1,0,0.0,0,0,0,0,2,Low,0.2,22.0,0,1,0.2259274160396162,0.34187846902347796,0.7820500114298584,0.10972072111015715
Gujarat,22.0,69.0,0.12869446,26.994644165039062,3.4504191875457764,1014.0184936523438,1,0,0.477040936869912,0,0,1,0,2,Low,0.2,22.0,0,1,0.2259274160396162,0.5280420464703982,0.9027188093436878,0.1454545577784637
Gujarat,22.0,69.5,0.166875,26.994644165039062,2.3899590969085693,1013.7134399414062,1,0,0.171987225932412,0,0,1,0,2,Low,0.2,22.0,0,1,0.2259274160396162,0.3548166156372549,0.8255546463695173,0.19101681471239218
Gujarat,22.0,70.0,0.22311112,26.90716552734375,2.0183351039886475,1013.399169921875,1,0,-0.142282793598838,0,0,1,0,2,Low,0.2,22.0,0,1,0.20361484644054093,0.29411209045063985,0.7460591931574315,0.2581254660936255
Gujarat,22.0,70.5,0.27675,26.994644165039062,1.8517578840255735,1013.1506958007812,1,0,-0.390756914692588,0,0,1,0,2,Low,0.2,22.0,0,1,0.2259274160396162,0.2669018154484451,0.6832069907829121,0.3221347344855382
Gujarat,22.0,71.0,0.28175002,26.994644165039062,1.7033536434173584,1012.9500122070312,1,0,-0.591440508442588,0,0,1,0,2,Low,0.2,22.0,0,1,0.2259274160396162,0.24266008420009938,0.6324435318275154,0.32810144412125264
Gujarat,22.0,71.5,0.28829166,26.994644165039062,2.310753705040101,1013.5414527154738,1,0,0.0,0,0,1,0,2,Low,0.2,22.0,0,1,0.2259274160396162,0.34187846902347796,0.7820500114298584,0.3359078261799995
Gujarat,22.0,72.0,0.32547224,26.994644165039062,1.4730480909347534,1012.819091796875,1,0,-0.722360918598838,0,0,2,0,2,Low,0.2,22.0,0,1,0.2259274160396162,0.20503982964804693,0.5993268592425622,0.38027679369361983
Gujarat,22.5,68.0,0.083875,26.994644165039062,3.2139759063720703,1014.3435668945312,1,0,0.802114179057412,0,0,0,0,2,Low,0.2,22.5,0,1,0.2259274160396162,0.4894191981326484,0.9849469670068395,0.09196983094746732
Gujarat,22.5,68.5,0.0735625,26.994644165039062,2.310753705040101,1013.5414527154738,1,0,0.0,0,0,0,0,2,Low,0.2,22.5,0,1,0.2259274160396162,0.34187846902347796,0.7820500114298584,0.07966354154896384
Gujarat,22.5,69.0,0.116458334,26.994644165039062,2.79919981956482,1014.158203125,1,0,0.616750409526162,0,0,1,0,2,Low,0.2,22.5,0,1,0.2259274160396162,0.4216658079100156,0.9380586991091693,0.13085273400415554
Gujarat,22.5,69.5,0.1658125,26.994644165039062,2.416821002960205,1013.845458984375,1,0,0.304006268901162,0,0,1,0,2,Low,0.2,22.5,0,1,0.2259274160396162,0.35920448962692864,0.8589492211020364,0.18974889398648578
Gujarat,22.5,70.0,0.28520834,26.994644165039062,2.169116735458374,1013.5853881835938,1,0,0.043935468119912,0,0,1,0,2,Low,0.2,22.5,0,1,0.2259274160396162,0.31874216687093504,0.7931636071698754,0.3322283858669625
Gujarat,22.5,70.5,0.32337502,26.994644165039062,1.9252636432647705,1013.3448486328124,1,0,-0.19660408266145168,0,0,2,0,2,Low,0.2,22.5,0,1,0.2259274160396162,0.27890893096872477,0.7323184758610819,0.3777741031479394
Gujarat,22.5,71.0,0.29175,26.994644165039062,1.8168784379959104,1013.1434936523438,1,0,-0.397959063130088,0,0,1,0,2,Low,0.2,22.5,0,1,0.2259274160396162,0.2612042817844679,0.6813851878155347,0.3400347917924524
Gujarat,22.5,71.5,0.24556251,26.994644165039062,2.310753705040101,1013.5414527154738,1,0,0.0,0,0,1,0,2,Low,0.2,22.5,0,1,0.2259274160396162,0.34187846902347796,0.7820500114298584,0.2849175439349508
Gujarat,22.5,72.0,0.3369167,26.994644165039062,1.5520402193069458,1012.957275390625,1,0,-0.584177324848838,0,0,2,0,2,Low,0.2,22.5,0,1,0.2259274160396162,0.21794313981550256,0.6342807738030909,0.39393389301673226
Gujarat,23.0,68.0,0.1466389,26.994644165039062,2.809103012084961,1014.3870239257812,1,0,0.845571210307412,0,0,1,0,2,Low,0.2,23.0,0,1,0.2259274160396162,0.42328348763796675,0.9959395408438962,0.16686832473449584
Gujarat,23.0,68.5,0.13833334,26.994644165039062,2.310753705040101,1013.5414527154738,1,0,0.0,0,0,1,0,2,Low,0.2,23.0,0,1,0.2259274160396162,0.34187846902347796,0.7820500114298584,0.15695699140342825
Gujarat,23.0,69.0,0.18597223,26.994644165039062,2.169002056121826,1014.06201171875,1,0,0.520559003276162,0,0,1,0,2,Low,0.2,23.0,0,1,0.2259274160396162,0.3187234340797093,0.9137268221889426,0.21380624880594684
Gujarat,23.0,69.5,0.26400003,26.994644165039062,1.6626735925674438,1013.8988037109376,1,0,0.3573509954637757,0,0,1,0,2,Low,0.2,23.0,0,1,0.2259274160396162,0.23601502570425692,0.8724429142672162,0.3069197215747758
Gujarat,23.0,70.0,0.37733334,26.994644165039062,1.780963659286499,1013.6668701171876,1,0,0.1254174017137757,0,0,2,0,2,Low,0.2,23.0,0,1,0.2259274160396162,0.2553376272350482,0.8137746831143855,0.44216457116026014
Gujarat,23.0,70.5,0.416375,26.994644165039062,1.866973876953125,1013.4595336914062,1,0,-0.081919024067588,0,0,2,0,2,Low,0.2,23.0,0,1,0.2259274160396162,0.26938733749090626,0.7613283722653656,0.4887544345840639
Gujarat,23.0,71.0,0.38286114,26.994644165039062,1.7888407707214355,1013.2957153320312,1,0,-0.245737383442588,0,0,2,0,2,Low,0.2,23.0,0,1,0.2259274160396162,0.25662434800284034,0.7198900742616294,0.4487611002790041
Gujarat,23.0,71.5,0.29641667,26.994644165039062,2.310753705040101,1013.5414527154738,1,0,0.0,0,0,1,0,2,Low,0.2,23.0,0,1,0.2259274160396162,0.34187846902347796,0.7820500114298584,0.34560370248794947
Gujarat,23.0,72.0,0.2671389,26.994644165039062,1.507699728012085,1013.1084594726562,1,0,-0.432993242817588,0,0,1,0,2,Low,0.2,23.0,0,1,0.2259274160396162,0.21070015087539992,0.6725231971098177,0.31066545176670607
Gujarat,23.5,68.0,0.27070835,26.994644165039062,2.0549421310424805,1014.403076171875,1,0,0.861623456401162,0,0,1,0,2,Low,0.2,23.5,0,1,0.2259274160396162,0.30009182329387246,1.0,0.314925009070317
Gujarat,23.5,68.5,0.25306252,26.994644165039062,2.310753705040101,1013.5414527154738,1,0,0.0,0,0,1,0,2,Low,0.2,23.5,0,1,0.2259274160396162,0.34187846902347796,0.7820500114298584,0.2938675845217794
Gujarat,23.5,69.0,0.26120836,26.994644165039062,1.581557035446167,1014.1220092773438,1,0,0.580556561869912,0,0,1,0,2,Low,0.2,23.5,0,1,0.2259274160396162,0.22276469155298184,0.928903367247688,0.3035883180426429
Gujarat,23.5,69.5,0.31543753,26.994644165039062,1.3980982303619385,1013.86572265625,1,0,0.324269940776162,0,0,2,0,2,Low,0.2,23.5,0,1,0.2259274160396162,0.1927968211621655,0.86407497182381,0.3683020014230689
Gujarat,23.5,70.0,0.4206667,26.994644165039062,1.59614896774292,1013.7100830078124,1,0,0.16863029233854832,0,0,2,0,2,Low,0.2,23.5,0,1,0.2259274160396162,0.2251482737180346,0.8247055009185922,0.49387587964700286
Gujarat,23.5,70.5,0.46256253,26.994644165039062,1.8222203254699707,1013.5753173828124,1,0,0.033864667338548315,0,0,2,0,2,Low,0.2,23.5,0,1,0.2259274160396162,0.2620768754514302,0.790616170817158,0.5438717301750516
Gujarat,23.5,71.0,0.44620836,26.994644165039062,1.7595584392547607,1013.4148559570312,1,0,-0.126596758442588,0,0,2,0,2,Low,0.2,23.5,0,1,0.2259274160396162,0.2518410991763185,0.7500270182643467,0.5243556914945839
Gujarat,23.5,71.5,0.34462503,26.994644165039062,2.310753705040101,1013.5414527154738,1,0,0.0,0,0,2,0,2,Low,0.2,23.5,0,1,0.2259274160396162,0.34187846902347796,0.7820500114298584,0.4031325295994393
Gujarat,23.5,72.0,0.25262502,26.994644165039062,1.3804748058319092,1013.2337646484376,1,0,-0.3076880670362243,0,0,1,0,2,Low,0.2,23.5,0,1,0.2259274160396162,0.189918046813255,0.7042194809405732,0.29334549951699435
Gujarat,24.0,68.0,0.26030555,26.10887336730957,1.5709044933319092,1014.1966552734376,0,0,0.6552025579637757,0,0,1,0,0,Low,0.0,24.0,0,1,0.0,0.22102460608111676,0.9477852742740094,0.3025109613268259
Gujarat,24.0,68.5,0.27475002,26.994644165039062,2.310753705040101,1013.5414527154738,1,0,0.0,0,0,1,0,2,Low,0.2,24.0,0,1,0.2259274160396162,0.34187846902347796,0.7820500114298584,0.31974808404469274
Gujarat,24.0,69.0,0.27105558,26.994644165039062,1.309269666671753,1013.99365234375,1,0,0.452199628276162,0,0,1,0,2,Low,0.2,24.0,0,1,0.2259274160396162,0.1782867360100918,0.8964351330070556,0.31533937153022906
Gujarat,24.0,69.5,0.27433333,26.994644165039062,1.2482028007507324,1013.9505615234376,1,0,0.4091088079637757,0,0,1,0,2,Low,0.2,24.0,0,1,0.2259274160396162,0.168311505209617,0.8855351932192164,0.3192508323860782
Gujarat,24.0,70.0,0.40783337,26.994644165039062,1.5024173259735107,1013.8406372070312,1,0,0.299184491557412,0,0,2,0,2,Low,0.2,24.0,0,1,0.2259274160396162,0.2098372741136577,0.8577295394543855,0.4785613901511001
Gujarat,24.0,70.5,0.4630417,26.994644165039062,1.7418766021728516,1013.7092895507812,1,0,0.167836835307412,0,0,2,0,2,Low,0.2,24.0,0,1,0.2259274160396162,0.24895278317699152,0.8245047938120456,0.5444435415390353
Gujarat,24.0,71.0,0.44391668,26.994644165039062,1.7238969802856443,1013.5610961914062,1,0,0.019643475932412002,0,0,2,0,2,Low,0.2,24.0,0,1,0.2259274160396162,0.2460158242332966,0.7870188819070263,0.5216209446059766
Gujarat,24.0,71.5,0.32433334,26.994644165039062,2.310753705040101,1013.5414527154738,1,0,0.0,0,0,2,0,2,Low,0.2,24.0,0,1,0.2259274160396162,0.34187846902347796,0.7820500114298584,0.3789177020091635
Gujarat,24.0,72.0,0.23402779,26.994644165039062,1.335890293121338,1013.3509521484376,1,0,-0.1905005670362243,0,0,1,0,2,Low,0.2,24.0,0,1,0.2259274160396162,0.18263519714171877,0.7338623766809508,0.2711527340003369
Kerala,8.0,75.0,0.15477778,29.99029604593913,0.9263420701026917,1011.029296875,1,1,0.1605750189887658,0,0,1,0,3,Moderate,0.3,8.0,0,1,0.9900075714712674,0.11573577489498015,0.14659338284108628,0.17658075262876902
Kerala,8.0,75.5,0.141625,29.99029604593913,1.0142431259155271,1011.0050659179688,1,1,0.1363440619575158,0,0,1,0,3,Moderate,0.3,8.0,0,1,0.9900075714712674,0.1300943522693698,0.1404640965864353,0.16088505157908672
Kerala,8.0,76.0,0.15830557,29.91383171081543,1.5034507513046265,1011.010009765625,1,1,0.1412879096137658,0,0,1,0,3,Moderate,0.3,8.0,0,1,0.9705043436633888,0.21000608343500504,0.14171465625048246,0.1807905955065529
Kerala,8.0,76.5,0.194875,29.99029604593913,1.191107105049822,1010.8687218560112,1,1,0.0,0,0,1,0,3,Moderate,0.3,8.0,0,1,0.9900075714712674,0.1589849623497482,0.10597549657853146,0.2244302550186319
Kerala,8.0,77.0,0.16011113,29.99029604593913,2.912754535675049,1010.9681396484376,1,1,0.09941779242637949,0,0,1,0,3,Moderate,0.3,8.0,0,0,0.9900075714712674,0.44021489315612805,0.13112349662660547,0.1829452373379577
Kerala,8.5,75.0,0.11720834,29.99029604593913,0.8450407385826111,1011.0211181640624,1,1,0.15239630805115212,0,0,1,0,3,Moderate,0.3,8.5,0,1,0.9900075714712674,0.10245525797197955,0.14452455574251033,0.13174774402952416
Kerala,8.5,75.5,0.17031251,29.99029604593913,0.5506748557090759,1010.9500122070312,1,1,0.0812903510200158,0,0,1,0,3,Moderate,0.3,8.5,0,1,0.9900075714712674,0.05437079224474321,0.12653811119173705,0.19511892311193155
Kerala,8.5,76.0,0.24091667,29.99029604593913,0.5559521913528442,1010.9827880859376,1,1,0.11406622992637949,0,0,1,0,3,Moderate,0.3,8.5,0,1,0.9900075714712674,0.05523284141435748,0.13482885859415267,0.2793734904523672
Kerala,8.5,76.5,0.21793751,29.99029604593913,1.191107105049822,1010.8687218560112,1,1,0.0,0,0,1,0,3,Moderate,0.3,8.5,0,1,0.9900075714712674,0.1589849623497482,0.10597549657853146,0.2519516050613839
Kerala,8.5,77.0,0.22875,29.99029604593913,1.5560015439987185,1010.4497680664062,1,1,-0.4189537896049842,0,0,1,0,3,Moderate,0.3,8.5,0,0,0.9900075714712674,0.21859021949578544,0.0,0.264854551103413
Kerala,9.0,75.0,0.16361111,29.99029604593913,0.9735687971115112,1011.0069580078124,1,1,0.13823615180115212,0,0,1,0,3,Moderate,0.3,9.0,0,1,0.9900075714712674,0.12345022846581308,0.14094270584054805,0.1871218935094946
Kerala,9.0,75.5,0.20045835,29.99029604593913,0.8872286677360535,1010.9841918945312,1,1,0.1154700385200158,0,0,1,0,3,Moderate,0.3,9.0,0,1,0.9900075714712674,0.10934662735785805,0.13518395578268053,0.2310930740162692
Kerala,9.0,76.0,0.23025002,29.99029604593913,0.7947216629981995,1010.919921875,1,1,0.051200018988765805,0,0,1,0,3,Moderate,0.3,9.0,0,1,0.9900075714712674,0.0942356713753754,0.11892668015006716,0.26664458070084746
Kerala,9.0,76.5,0.27308336,29.99029604593913,1.191107105049822,1010.8687218560112,1,1,0.0,0,0,1,0,3,Moderate,0.3,9.0,0,1,0.9900075714712674,0.1589849623497482,0.10597549657853146,0.31775919674395
Kerala,9.0,77.0,0.2610556,29.99029604593913,0.6999223232269287,1010.769287109375,1,1,-0.0994347466362342,0,0,1,0,3,Moderate,0.3,9.0,0,0,0.9900075714712674,0.078750264032315,0.0808232079171234,0.3034060238590293
Kerala,9.5,75.0,0.18504167,29.99029604593913,1.1721118688583374,1010.9597778320312,1,1,0.0910559760200158,0,0,1,0,3,Moderate,0.3,9.5,0,1,0.9900075714712674,0.15588210350376364,0.12900835250343518,0.21269577698411204
Kerala,9.5,75.5,0.20325,29.99029604593913,1.4102977514266968,1010.9389038085938,1,1,0.0701819525825158,0,0,1,0,3,Moderate,0.3,9.5,0,1,0.9900075714712674,0.19478960458801886,0.12372821169968042,0.23442445368165896
Kerala,9.5,76.0,0.24466668,29.99029604593913,1.4216203689575195,1010.7246704101562,1,1,-0.1440514458549842,0,0,1,0,3,Moderate,0.3,9.5,0,1,0.9900075714712674,0.19663914642108976,0.06953729292430254,0.28384851671246725
Kerala,9.5,76.5,0.372,29.99029604593913,1.191107105049822,1010.8687218560112,1,1,0.0,0,0,2,0,3,Moderate,0.3,9.5,0,1,0.9900075714712674,0.1589849623497482,0.10597549657853146,0.43580009838444295
Kerala,9.5,77.0,0.26445833,29.99029604593913,0.2178250253200531,1010.5284423828124,1,1,-0.3402794731988479,0,0,1,0,3,Moderate,0.3,9.5,0,0,0.9900075714712674,0.0,0.019900881567339355,0.30746662799235974
Kerala,10.0,75.0,0.23261112,29.99029604593913,1.4070078134536743,1010.9591674804688,1,1,0.0904456244575158,0,0,1,0,3,Moderate,0.3,10.0,0,1,0.9900075714712674,0.19425219546925732,0.12885396242145405,0.26946216905467113
Kerala,10.0,75.5,0.19729167,29.99029604593913,1.2605990171432495,1010.979248046875,1,1,0.1105261908637658,0,0,1,0,3,Moderate,0.3,10.0,0,1,0.9900075714712674,0.17033641868279104,0.13393339611863334,0.22731415711809191
Kerala,10.0,76.0,0.2512778,30.02758407592773,0.7657591104507446,1010.60400390625,1,1,-0.2647179497612342,0,0,1,0,3,Moderate,0.3,10.0,0,1,0.9995183707504115,0.08950465821669465,0.039014373716632446,0.29173781183665964
Kerala,10.0,76.5,0.3457917,29.99029604593913,1.191107105049822,1010.8687218560112,1,1,0.0,0,0,2,0,3,Moderate,0.3,10.0,0,1,0.9900075714712674,0.1589849623497482,0.10597549657853146,0.4045247602566564
Kerala,10.0,77.0,0.2595278,29.99029604593913,0.5625091791152954,1010.8984985351562,1,1,0.029776679145015805,0,0,1,0,3,Moderate,0.3,10.0,0,0,0.9900075714712674,0.05630392088273781,0.11350758827252937,0.3015828433554624
Kerala,10.5,75.0,0.29108337,29.99029604593913,1.4773496389389038,1010.981689453125,1,1,0.1129675971137658,0,0,1,0,3,Moderate,0.3,10.5,0,1,0.9900075714712674,0.2057424845738166,0.13455095644655787,0.3392392774456185
Kerala,10.5,75.5,0.2954375,29.99029604593913,0.8505460619926453,1010.9318237304688,1,1,0.0631018744575158,0,0,1,0,3,Moderate,0.3,10.5,0,1,0.9900075714712674,0.1033545487873519,0.12193728674869926,0.34443522254706876
Kerala,10.5,76.0,0.261125,29.99029604593913,0.731611430644989,1010.548095703125,1,1,-0.3206261528862342,0,0,1,0,3,Moderate,0.3,10.5,0,1,0.9900075714712674,0.08392665806512846,0.02487224220716061,0.30348884145750266
Kerala,10.5,76.5,0.2766875,29.99029604593913,1.191107105049822,1010.8687218560112,1,1,0.0,0,0,1,0,3,Moderate,0.3,10.5,0,1,0.9900075714712674,0.1589849623497482,0.10597549657853146,0.32206015091342605
Kerala,10.5,77.0,0.21825002,29.99029604593913,1.7929085493087769,1011.0154418945312,1,1,0.1467200385200158,0,0,1,0,3,Moderate,0.3,10.5,0,0,0.9900075714712674,0.25728881685418825,0.14308872798011454,0.25232453485531614
Kerala,11.0,75.0,0.32975,29.99029604593913,1.399396300315857,1011.0042114257812,1,1,0.1354895697700158,0,0,2,0,3,Moderate,0.3,11.0,0,1,0.9900075714712674,0.19300886000172615,0.1402479504716617,0.3853816036366348
Kerala,11.0,75.5,0.26087502,29.99029604593913,0.6818704605102539,1010.7730712890624,1,1,-0.09565056694884788,0,0,1,0,3,Moderate,0.3,11.0,0,1,0.9900075714712674,0.07580150459851323,0.08178042642537768,0.3031905310357972
Kerala,11.0,76.0,0.2792778,29.99029604593913,0.8279412388801575,1010.6470336914062,1,1,-0.2216881646049842,0,0,1,0,3,Moderate,0.3,11.0,0,1,0.9900075714712674,0.0996620663854778,0.049898874496302356,0.3251512521428994
Kerala,11.0,76.5,0.23466669,29.99029604593913,1.191107105049822,1010.8687218560112,1,1,0.0,0,0,1,0,3,Moderate,0.3,11.0,0,1,0.9900075714712674,0.1589849623497482,0.10597549657853146,0.27191515710789604
Kerala,11.0,77.0,0.19830556,29.99029604593913,2.264551877975464,1011.2183837890624,1,1,0.3496619330511521,0,0,1,0,3,Moderate,0.3,11.0,0,0,0.9900075714712674,0.33433143215786515,0.1944234302388127,0.2285240697249524
Kerala,11.5,75.0,0.33137503,29.99029604593913,1.845398426055908,1010.968505859375,1,1,0.0997840033637658,0,0,2,0,3,Moderate,0.3,11.5,0,1,0.9900075714712674,0.26586300233667715,0.1312161306757654,0.38732081231166515
Kerala,11.5,75.5,0.3034375,29.99029604593913,0.9762789607048036,1010.59814453125,1,1,-0.2705773247612342,0,0,2,0,3,Moderate,0.3,11.5,0,1,0.9900075714712674,0.12389293183600239,0.03753222892961356,0.353981919777423
Kerala,11.5,76.0,0.2697917,29.99029604593913,0.5903105735778809,1010.6906127929688,1,1,-0.1781090630424842,0,0,1,0,3,Moderate,0.3,11.5,0,1,0.9900075714712674,0.060845259662068725,0.06092232634975529,0.31383113656829154
Kerala,11.5,76.5,0.1874375,29.99029604593913,1.191107105049822,1010.8687218560112,1,1,0.0,0,0,1,0,3,Moderate,0.3,11.5,0,1,0.9900075714712674,0.1589849623497482,0.10597549657853146,0.21555480993728698
Kerala,11.5,77.0,0.18166667,29.99029604593913,2.020095109939575,1011.1968994140624,1,1,0.3281775580511521,0,0,1,0,3,Moderate,0.3,11.5,0,0,0.9900075714712674,0.29439958621951423,0.1889888993530768,0.20866826409005637
Kerala,12.0,75.0,0.30650002,29.99029604593913,1.9753472805023196,1010.8917846679688,1,1,0.023062811957515805,0,0,2,0,3,Moderate,0.3,12.0,0,1,0.9900075714712674,0.28709005887232386,0.1118092973707369,0.357636538677661
Kerala,12.0,75.5,0.36925003,29.99029604593913,0.6285272836685181,1010.5889282226562,1,1,-0.2797936333549842,0,0,2,0,3,Moderate,0.3,12.0,0,1,0.9900075714712674,0.06708793312892035,0.03520093869169844,0.43251845701162334
Kerala,12.0,76.0,0.24869445,30.02947235107422,1.1453814506530762,1010.6885986328124,1,1,-0.18012322319884788,0,0,1,0,3,Moderate,0.3,12.0,0,1,1.0,0.15151570796390493,0.06041283907918879,0.28865500430040525
Kerala,12.0,76.5,0.16187501,29.99029604593913,1.191107105049822,1010.8687218560112,1,1,0.0,0,0,1,0,3,Moderate,0.3,12.0,0,1,0.9900075714712674,0.1589849623497482,0.10597549657853146,0.18505014087679236
Kerala,12.0,77.0,0.18580556,29.99029604593913,2.2347097396850586,1010.8414916992188,1,1,-0.027230156792484195,0,0,1,0,3,Moderate,0.3,12.0,0,0,0.9900075714712674,0.329456739269393,0.0990875546154915,0.21360735530252395
Maharashtra,15.0,72.0,0.37508333,28.62272357940674,4.202617168426514,1011.92822265625,1,1,0.0017825039950594146,0,0,2,0,3,Moderate,0.3,15.0,0,1,0.6411903442578847,0.6509130724149879,0.37397909558289977,0.4394795506308515
Maharashtra,15.0,72.5,0.37012503,28.62272357940674,3.798740148544312,1011.7128295898438,1,1,-0.21361056241119059,0,0,2,0,3,Moderate,0.3,15.0,0,1,0.6411903442578847,0.5849400373235287,0.31949483565175774,0.43356262702119336
Maharashtra,15.0,73.0,0.39325002,28.62272357940674,3.322349071502685,1011.5697631835938,1,1,-0.3566769686611906,0,0,2,0,3,Moderate,0.3,15.0,0,1,0.6411903442578847,0.507121880568554,0.28330580043538,0.4611585367693144
Maharashtra,15.0,73.5,0.41750002,28.62272357940674,2.7820486941120843,1011.9264401522549,1,1,0.0,0,0,2,0,3,Moderate,0.3,15.0,0,1,0.6411903442578847,0.41886418329249875,0.373528206366197,0.49009696274882564
Maharashtra,15.0,74.0,0.32650003,28.62272357940674,2.150822877883911,1011.3894653320312,1,1,-0.5369748202236906,0,0,2,0,3,Moderate,0.3,15.0,0,1,0.6411903442578847,0.31575387774255087,0.2376989702181532,0.38150329368691804
Maharashtra,15.5,72.0,0.42787504,28.62272357940674,4.183807849884033,1012.0311889648438,1,1,0.10474881258880941,0,0,2,0,3,Moderate,0.3,15.5,0,1,0.6411903442578847,0.6478405830898675,0.400024702413117,0.5024778595861843
Maharashtra,15.5,72.5,0.5235,28.62272357940674,3.8409957885742183,1011.7368774414062,1,1,-0.18956271084869059,0,0,2,1,4,Moderate,0.4,15.5,0,1,0.6411903442578847,0.5918424672347878,0.32557780488181437,0.6165906771842756
Maharashtra,15.5,73.0,0.46416667,28.62272357940674,3.439952850341797,1011.6919555664062,1,1,-0.23448458584869059,0,0,2,0,3,Moderate,0.3,15.5,0,1,0.6411903442578847,0.5263323774433301,0.31421469484800296,0.5457860100369392
Maharashtra,15.5,73.5,0.31668752,28.62272357940674,2.7820486941120843,1011.9264401522549,1,1,0.0,0,0,2,0,3,Moderate,0.3,15.5,0,1,0.6411903442578847,0.41886418329249875,0.373528206366197,0.36979366093194016
Maharashtra,15.5,74.0,0.32475,28.62272357940674,1.6778446435928345,1011.2775268554688,1,1,-0.6489132967861906,0,0,2,0,3,Moderate,0.3,15.5,0,1,0.6411903442578847,0.2384932065177242,0.20938382918281329,0.3794149178676634
Maharashtra,16.0,72.0,0.40213892,29.131505966186523,4.244894027709961,1012.122802734375,1,1,0.19636258212005941,0,0,2,0,3,Moderate,0.3,16.0,0,1,0.7709619400999161,0.6578189684768065,0.42319865371848514,0.4717659913956763
Maharashtra,16.0,72.5,0.55516666,28.62272357940674,3.972980976104736,1011.71875,1,1,-0.20769015225494059,0,0,2,1,4,Moderate,0.4,16.0,0,1,0.6411903442578847,0.6134021573876055,0.3209924194469747,0.6543796790988468
Maharashtra,16.0,73.0,0.46058336,28.62272357940674,3.652992486953736,1011.8087768554688,1,1,-0.11766329678619059,0,0,2,0,3,Moderate,0.3,16.0,0,1,0.6411903442578847,0.5611322564415719,0.3437649565391919,0.5415099130803767
Maharashtra,16.0,73.5,0.44270837,28.62272357940674,2.7820486941120843,1011.9264401522549,1,1,0.0,0,0,2,0,3,Moderate,0.3,16.0,0,1,0.6411903442578847,0.41886418329249875,0.373528206366197,0.5201790233896755
Maharashtra,16.0,74.0,0.35947224,29.38909149169922,0.9108397364616394,1011.0601806640624,1,1,-0.8662594881925543,0,0,2,0,3,Moderate,0.3,16.0,0,1,0.8366624941681509,0.11320347929272244,0.15440552098930288,0.4208502569226252
Maharashtra,16.5,72.0,0.45637503,28.62272357940674,4.368858337402344,1012.1395874023438,1,1,0.21314725008880941,0,0,2,0,3,Moderate,0.3,16.5,0,1,0.6411903442578847,0.678068453718154,0.4274443809729663,0.5364879565359496
Maharashtra,16.5,72.5,0.48012504,28.62272357940674,4.150149345397949,1011.857421875,1,1,-0.06901827725494059,0,0,2,0,3,Moderate,0.3,16.5,0,1,0.6411903442578847,0.6423424893923501,0.3560698460730883,0.5648297258719351
Maharashtra,16.5,73.0,0.44837502,28.62272357940674,3.3974788188934326,1011.7507934570312,1,1,-0.17564669522369059,0,0,2,0,3,Moderate,0.3,16.5,0,1,0.6411903442578847,0.5193942734431669,0.3290978987509842,0.5269412473722238
Maharashtra,16.5,73.5,0.57162505,28.62272357940674,2.7820486941120843,1011.9264401522549,1,1,0.0,0,0,2,1,4,Moderate,0.4,16.5,0,1,0.6411903442578847,0.41886418329249875,0.373528206366197,0.6740200873774829
Maharashtra,16.5,74.0,0.38729167,28.62272357940674,0.6364625096321106,1011.1737670898438,1,1,-0.7526730624111906,0,0,2,0,3,Moderate,0.3,16.5,0,1,0.6411903442578847,0.068384146865239,0.1831375152460206,0.4540482163390043
Maharashtra,17.0,72.0,0.38230556,28.62272357940674,4.387400627136231,1012.1583862304688,1,1,0.23194607821380941,0,0,2,0,3,Moderate,0.3,17.0,0,1,0.6411903442578847,0.6810973240699423,0.4321995954979852,0.4480981060230991
Maharashtra,17.0,72.5,0.4501667,28.62272357940674,4.288124084472656,1012.0181884765624,1,1,0.09174832430744573,0,0,2,0,3,Moderate,0.3,17.0,0,1,0.6411903442578847,0.6648805686952168,0.39673619366689006,0.5290793256839339
Maharashtra,17.0,73.0,0.52247226,28.62272357940674,2.79944396018982,1011.5834350585938,1,1,-0.3430050936611906,0,0,2,1,4,Moderate,0.4,17.0,0,1,0.6411903442578847,0.42170568811420517,0.2867641382717574,0.6153642368578353
Maharashtra,17.0,73.5,0.59245837,28.62272357940674,2.7820486941120843,1011.9264401522549,1,1,0.0,0,0,2,1,4,Moderate,0.4,17.0,0,1,0.6411903442578847,0.41886418329249875,0.373528206366197,0.6988812621703683
Maharashtra,17.0,74.0,0.3945278,28.62272357940674,0.5232176780700684,1011.3177490234376,1,1,-0.6086911288173269,0,0,2,0,3,Moderate,0.3,17.0,0,1,0.6411903442578847,0.04988568104822352,0.21955813558539874,0.46268335911768965
Maharashtra,17.5,72.0,0.32804167,28.62272357940674,4.378215312957764,1012.2090454101562,1,1,0.2826052579013094,0,0,2,0,3,Moderate,0.3,17.5,0,1,0.6411903442578847,0.6795969092783335,0.4450139723024193,0.38334298997669347
Maharashtra,17.5,72.5,0.44200003,28.62272357940674,4.3249382972717285,1012.11962890625,1,1,0.19318875399505941,0,0,2,0,3,Moderate,0.3,17.5,0,1,0.6411903442578847,0.6708941451882939,0.4223958252921832,0.5193337349501569
Maharashtra,17.5,73.0,0.58445835,28.62272357940674,2.153003931045532,1011.566162109375,1,1,-0.3602780428799406,0,0,2,1,4,Moderate,0.4,17.5,0,1,0.6411903442578847,0.3161101512854474,0.28239489895169134,0.689334541073271
Maharashtra,17.5,73.5,0.5986875,28.62272357940674,2.7820486941120843,1011.9264401522549,1,1,0.0,0,0,2,1,4,Moderate,0.4,17.5,0,1,0.6411903442578847,0.41886418329249875,0.373528206366197,0.7063147144351829
Maharashtra,17.5,74.0,0.41404167,28.62272357940674,0.5399323105812073,1011.520751953125,1,1,-0.4056881991299406,0,0,2,0,3,Moderate,0.3,17.5,0,1,0.6411903442578847,0.05261600484213444,0.270908276852295,0.4859699852030011
Maharashtra,18.0,72.0,0.40761113,28.36623191833496,4.330321311950684,1012.272216796875,1,0,0.3457766446200594,0,0,2,0,2,Low,0.2,18.0,0,1,0.5757687946084767,0.6717734569560596,0.4609933457874666,0.4782961829020409
Maharashtra,18.0,72.5,0.49066672,28.62272357940674,4.205280780792236,1012.2581176757812,1,1,0.3316775235263094,0,0,2,0,3,Moderate,0.3,18.0,0,1,0.6411903442578847,0.651348171673978,0.45742693489370245,0.5774095042793452
Maharashtra,18.0,73.0,0.6376389,28.62272357940674,1.6709978580474854,1011.5206909179688,1,1,-0.4057492342861906,0,0,3,1,4,Moderate,0.4,18.0,0,1,0.6411903442578847,0.2373747887796247,0.2708928378440969,0.7527968672474852
Maharashtra,18.0,73.5,0.65358335,28.62272357940674,2.7820486941120843,1011.9264401522549,1,1,0.0,0,0,3,1,4,Moderate,0.4,18.0,0,1,0.6411903442578847,0.41886418329249875,0.373528206366197,0.7718239718293003
Maharashtra,18.0,74.0,0.4679167,28.62272357940674,0.5584002733230591,1011.762939453125,1,1,-0.16350069912994059,0,0,2,0,3,Moderate,0.3,18.0,0,1,0.6411903442578847,0.05563273393058645,0.3321702613824088,0.5502610601637824
Maharashtra,18.5,72.0,0.41862503,28.62272357940674,4.225188255310059,1012.3493041992188,1,1,0.4228640469638094,0,0,2,0,3,Moderate,0.3,18.5,0,1,0.6411903442578847,0.6546000440269276,0.4804928131416838,0.49143947898021567
Maharashtra,18.5,72.5,0.51031256,28.62272357940674,3.989696264266968,1012.3870849609376,1,1,0.4606448086826731,0,0,2,1,4,Moderate,0.4,18.5,0,1,0.6411903442578847,0.6161325882816743,0.4900495592163447,0.6008536150688429
Maharashtra,18.5,73.0,0.7447917,28.62272357940674,1.3091269731521606,1011.6253662109376,1,1,-0.3010739413173269,0,0,3,1,4,Moderate,0.4,18.5,0,1,0.6411903442578847,0.17826342712121732,0.29737073690389004,0.8806662846205724
Maharashtra,18.5,73.5,0.70337504,28.62272357940674,2.7820486941120843,1011.9264401522549,1,1,0.0,0,0,3,1,4,Moderate,0.4,18.5,0,1,0.6411903442578847,0.41886418329249875,0.373528206366197,0.8312422454565072
Maharashtra,18.5,74.0,0.5302917,28.62272357940674,0.5107474327087402,1012.0513305664062,1,1,0.12489041415130941,0,0,2,1,4,Moderate,0.4,18.5,0,1,0.6411903442578847,0.04784867499360332,0.4051195751184944,0.6246954651317004
Maharashtra,19.0,72.0,0.51808333,28.62272357940674,4.057554721832275,1012.4671630859376,1,1,0.5407229336826731,0,0,2,1,4,Moderate,0.4,19.0,0,1,0.6411903442578847,0.6272172209342427,0.5103055379722694,0.6101267636234328
Maharashtra,19.0,72.5,0.5901667,28.62272357940674,3.713323354721069,1012.4539184570312,1,1,0.5274783047763094,0,0,2,1,4,Moderate,0.4,19.0,0,1,0.6411903442578847,0.5709872624467993,0.5069552731932501,0.6961465272151326
Maharashtra,19.0,73.0,0.79463893,28.62272357940674,1.0695737600326538,1011.748046875,1,1,-0.17839327725494059,0,0,3,1,4,Moderate,0.4,19.0,0,1,0.6411903442578847,0.1391325735261934,0.32840314338206916,0.940150836193301
Maharashtra,19.0,73.5,0.7254167,28.62272357940674,2.7820486941120843,1011.9264401522549,1,1,0.0,0,0,3,1,4,Moderate,0.4,19.0,0,1,0.6411903442578847,0.41886418329249875,0.373528206366197,0.8575453772658084
Maharashtra,19.0,74.0,0.54955554,28.62272357940674,0.3263290822505951,1012.0626831054688,1,1,0.13624295321380941,0,0,2,1,4,Moderate,0.4,19.0,0,1,0.6411903442578847,0.01772406352194088,0.40799123064334347,0.6476837211284485
Maharashtra,19.5,72.0,0.4827917,28.62272357940674,3.833418607711792,1012.60888671875,1,1,0.6824465664950594,0,0,2,0,3,Moderate,0.3,19.5,0,1,0.6411903442578847,0.5906047399209708,0.5461549150082599,0.5680119503264722
Maharashtra,19.5,72.5,0.66481256,28.62272357940674,3.408651351928711,1012.4625854492188,1,1,0.5361452969638094,0,0,3,1,4,Moderate,0.4,19.5,0,1,0.6411903442578847,0.5212192990764943,0.5091476123573822,0.7852242053300585
Maharashtra,19.5,73.0,0.8447917,28.62272357940674,1.1588623523712158,1011.8624267578124,1,1,-0.06401339444255427,0,0,3,1,4,Moderate,0.4,19.5,0,1,0.6411903442578847,0.15371780404348565,0.3573358447453048,1.0
Maharashtra,19.5,73.5,0.73893756,28.62272357940674,2.7820486941120843,1011.9264401522549,1,1,0.0,0,0,3,1,4,Moderate,0.4,19.5,0,1,0.6411903442578847,0.41886418329249875,0.373528206366197,0.8736803218550592
Maharashtra,19.5,74.0,0.5595417,28.62272357940674,0.2937122285366058,1012.0474243164062,1,1,0.12098416415130941,0,0,2,1,4,Moderate,0.4,19.5,0,1,0.6411903442578847,0.012396122765931472,0.40413147859381515,0.6596005768801829
Maharashtra,20.0,72.0,0.42533335,27.60406494140625,3.3749842643737797,1012.736328125,1,0,0.8098879727450594,0,0,2,0,2,Low,0.2,20.0,0,1,0.3813681481549951,0.5157198033405485,0.5783915641259205,0.4994447664757569
Maharashtra,20.0,72.5,0.63558334,28.62272357940674,3.180462598800659,1012.5289916992188,1,1,0.6025515469638094,0,0,3,1,4,Moderate,0.4,20.0,0,1,0.6411903442578847,0.4839448222518804,0.5259452532769295,0.7503438911276319
Maharashtra,20.0,73.0,0.7724445,28.62272357940674,1.3249138593673706,1012.0458374023438,1,1,0.11939725008880941,0,0,3,1,4,Moderate,0.4,20.0,0,1,0.6411903442578847,0.1808422041919323,0.40373006438066417,0.9136653982670148
Maharashtra,20.0,73.5,0.6814584,28.62272357940674,2.7820486941120843,1011.9264401522549,1,1,0.0,0,0,3,1,4,Moderate,0.4,20.0,0,1,0.6411903442578847,0.41886418329249875,0.373528206366197,0.8050883046581734
Maharashtra,20.0,74.0,0.5011389,28.62272357940674,0.5225343704223633,1012.0487670898438,1,1,0.12232693758880941,0,0,2,1,4,Moderate,0.4,20.0,0,1,0.6411903442578847,0.049774063211107014,0.4044711367741736,0.5899063457545666
Odisha Coast,19.0,84.0,0.31583336,27.78193664550781,0.5874754786491394,1013.4015502929688,1,0,-0.4808175223214448,0,0,2,0,2,Low,0.2,19.0,1,0,0.4267366504777607,0.060382148843641785,0.746661314477158,0.36877436006865527
Odisha Coast,19.0,84.5,0.3035417,27.78193664550781,0.7628561854362488,1013.7518920898438,1,0,-0.1304757254464448,0,0,2,0,2,Low,0.2,19.0,1,0,0.4267366504777607,0.08903046740013107,0.8352812215343286,0.35410626550884833
Odisha Coast,19.0,85.0,0.23397224,27.78193664550781,1.0484431982040403,1013.8357543945312,1,0,-0.04661342075894481,0,0,1,0,2,Low,0.2,19.0,1,0,0.4267366504777607,0.13568091069717686,0.8564944187985364,0.2710864441214436
Odisha Coast,19.0,85.5,0.18975002,27.78193664550781,1.14366614818573,1013.902587890625,1,0,0.020220075334805188,0,0,1,0,2,Low,0.2,19.0,1,0,0.4267366504777607,0.15123551447851252,0.8734001327754705,0.21831442597217932
Odisha Coast,19.0,86.0,0.23786113,27.78193664550781,1.6468274593353271,1014.0183715820312,1,0,0.1360037667410552,0,0,1,0,2,Low,0.2,19.0,1,0,0.4267366504777607,0.23342657067383382,0.9026879313272915,0.2757272010454626
Odisha Coast,19.0,86.5,0.30641666,27.78193664550781,1.2502391572509493,1013.8823678152902,1,0,0.0,0,0,2,0,2,Low,0.2,19.0,1,0,0.4267366504777607,0.1686441426517936,0.8682854099166997,0.35753706209252073
Odisha Coast,19.0,87.0,0.36375,27.78193664550781,2.077082395553589,1013.8411865234376,1,0,-0.041181291852581126,0,0,2,0,2,Low,0.2,19.0,1,0,0.4267366504777607,0.30370842036580187,0.8578684905281972,0.4259550668656402
Odisha Coast,19.5,84.0,0.32916668,27.78193664550781,1.1407324075698853,1013.489013671875,1,0,-0.3933541434151948,0,0,2,0,2,Low,0.2,19.5,1,0,0.4267366504777607,0.15075628995453536,0.7687854132250544,0.38468550620808356
Odisha Coast,19.5,84.5,0.29450002,27.78193664550781,0.6860796213150024,1013.7399291992188,1,0,-0.1424386160714448,0,0,1,0,2,Low,0.2,19.5,1,0,0.4267366504777607,0.07648906813842016,0.8322551759274984,0.34331649283212967
Odisha Coast,19.5,85.0,0.28116667,27.78193664550781,0.7240623831748962,1013.730712890625,1,0,-0.1516549246651948,0,0,1,0,2,Low,0.2,19.5,1,0,0.4267366504777607,0.08269352632171612,0.8299238856895833,0.3274053108925868
Odisha Coast,19.5,85.5,0.23425001,27.78193664550781,0.8459175825119019,1013.81689453125,1,0,-0.06547328404019481,0,0,1,0,2,Low,0.2,19.5,1,0,0.4267366504777607,0.10259848982838402,0.8517237652653193,0.27141791738265303
Odisha Coast,19.5,86.0,0.31929168,27.78193664550781,1.32756507396698,1014.1112670898438,1,0,0.2288992745535552,0,0,2,0,2,Low,0.2,19.5,1,0,0.4267366504777607,0.18127527828430337,0.9261861018048201,0.3729013018143651
Odisha Coast,19.5,86.5,0.40975,27.78193664550781,1.2502391572509493,1013.8823678152902,1,0,0.0,0,0,2,0,2,Low,0.2,19.5,1,0,0.4267366504777607,0.1686441426517936,0.8682854099166997,0.4808485759401769
Odisha Coast,19.5,87.0,0.50370836,27.78193664550781,1.6546649932861328,1013.8838500976562,1,0,0.0014822823660551876,0,0,2,1,3,Moderate,0.3,19.5,1,0,0.4267366504777607,0.23470682648664987,0.8686603572586497,0.5929725778377547
Odisha Coast,20.0,84.0,0.39094445,27.78193664550781,1.377606987953186,1013.8512573242188,1,0,-0.031110491071444812,0,0,2,0,2,Low,0.2,20.0,1,0,0.4267366504777607,0.18944959072331927,0.8604159268808572,0.45840721442764093
Odisha Coast,20.0,84.5,0.35458335,27.78193664550781,1.169928789138794,1013.80615234375,1,0,-0.07621547154019481,0,0,2,0,2,Low,0.2,20.0,1,0,0.4267366504777607,0.15552549892401582,0.8490064998224514,0.4150161628448119
Odisha Coast,20.0,85.0,0.3220278,27.78193664550781,0.5915380716323853,1013.6688232421876,1,0,-0.21354457310258113,0,0,2,0,2,Low,0.2,20.0,1,0,0.4267366504777607,0.061045770630105814,0.8142687313767251,0.37616641546760465
Odisha Coast,20.0,85.5,0.32104167,27.78193664550781,0.4579627811908722,1013.74658203125,1,0,-0.1357857840401948,0,0,2,0,2,Low,0.2,20.0,1,0,0.4267366504777607,0.03922633825383426,0.8339380278210927,0.3749896299001335
Odisha Coast,20.0,86.0,0.33333337,27.78193664550781,1.0333774089813232,1013.955322265625,1,0,0.07295445033480519,0,0,2,0,2,Low,0.2,20.0,1,0,0.4267366504777607,0.1332199243272152,0.8867394358586405,0.3896577721934266
Odisha Coast,20.0,86.5,0.35525,27.78193664550781,1.2502391572509493,1013.8823678152902,1,0,0.0,0,0,2,0,2,Low,0.2,20.0,1,0,0.4267366504777607,0.1686441426517936,0.8682854099166997,0.4158117010583889
Odisha Coast,20.0,87.0,0.39183336,27.78193664550781,1.4161547422409058,1013.966552734375,1,0,0.08418491908480519,0,0,2,0,2,Low,0.2,20.0,1,0,0.4267366504777607,0.19574634003344943,0.8895802133670933,0.45946798375702025
Odisha Coast,20.5,84.0,0.42612502,27.78193664550781,1.353328824043274,1013.9996337890624,1,0,0.1172659737721915,0,0,2,0,2,Low,0.2,20.5,1,0,0.4267366504777607,0.18548376924614784,0.897948155810442,0.5003894957003012
Odisha Coast,20.5,84.5,0.3900625,27.78193664550781,1.3014183044433594,1013.9371948242188,1,0,0.05482700892855519,0,0,2,0,2,Low,0.2,20.5,1,0,0.4267366504777607,0.17700422135758534,0.8821540504238008,0.45735475072485204
Odisha Coast,20.5,85.0,0.36687502,27.78193664550781,0.9131307601928712,1013.73828125,1,0,-0.1440865652901948,0,0,2,0,2,Low,0.2,20.5,1,0,0.4267366504777607,0.11357771645298476,0.8318383227061493,0.42968426933799037
Odisha Coast,20.5,85.5,0.341125,27.78193664550781,0.5127972960472107,1013.72412109375,1,0,-0.1582467215401948,0,0,2,0,2,Low,0.2,20.5,1,0,0.4267366504777607,0.04818351876857485,0.828256472804187,0.3989558137610447
Odisha Coast,20.5,86.0,0.3511667,27.78193664550781,0.8720981478691101,1013.8604736328124,1,0,-0.0218941824778085,0,0,2,0,2,Low,0.2,20.5,1,0,0.4267366504777607,0.10687506728141444,0.8627472171187436,0.4109389474583007
Odisha Coast,20.5,86.5,0.37962502,27.78193664550781,1.2502391572509493,1013.8823678152902,1,0,0.0,0,0,2,0,2,Low,0.2,20.5,1,0,0.4267366504777607,0.1686441426517936,0.8682854099166997,0.44489931804886734
Odisha Coast,20.5,87.0,0.44308338,27.78193664550781,1.3625292778015137,1014.018798828125,1,0,0.1364310128348052,0,0,2,0,2,Low,0.2,20.5,1,0,0.4267366504777607,0.18698665707776235,0.9027960043846783,0.5206265367557199
Odisha Coast,21.0,84.0,0.45225,27.78193664550781,1.6009465456008911,1013.99072265625,1,0,0.10835484095980519,0,0,2,0,2,Low,0.2,21.0,1,0,0.4267366504777607,0.2259319547813203,0.8956940606135462,0.5315654049764336
Odisha Coast,21.0,84.5,0.42045835,27.78193664550781,1.3766324520111084,1013.86083984375,1,0,-0.021527971540194812,0,0,2,0,2,Low,0.2,21.0,1,0,0.4267366504777607,0.18929040094341218,0.862839851167961,0.49362724785100975
Odisha Coast,21.0,85.0,0.41780555,27.78193664550781,1.082555890083313,1013.7870483398438,1,0,-0.09531947544644481,0,0,2,0,2,Low,0.2,21.0,1,0,0.4267366504777607,0.1412531955948712,0.844174090256442,0.4904615630494244
Odisha Coast,21.0,85.5,0.4074167,27.78193664550781,0.8352417349815369,1013.7972412109376,1,0,-0.08512660435258113,0,0,2,0,2,Low,0.2,21.0,1,0,0.4267366504777607,0.10085459743273036,0.8467524046255556,0.4780641623592287
Odisha Coast,21.0,86.0,0.4295278,27.78193664550781,1.0049289464950562,1013.6641235351562,1,0,-0.2182442801339448,0,0,2,0,2,Low,0.2,21.0,1,0,0.4267366504777607,0.12857288742857714,0.8130799277454416,0.5044501595004893
Odisha Coast,21.0,86.5,0.4446667,27.78193664550781,1.2502391572509493,1013.8823678152902,1,0,0.0,0,0,2,0,2,Low,0.2,21.0,1,0,0.4267366504777607,0.1686441426517936,0.8682854099166997,0.5225159713380655
Odisha Coast,21.0,87.0,0.4785278,27.78193664550781,1.3857077360153198,1014.1456298828124,1,0,0.2632620675221915,0,0,2,0,2,Low,0.2,21.0,1,0,0.4267366504777607,0.19077284238127717,0.9348782634203291,0.5629236800364088
Odisha Coast,21.5,84.0,0.5170417,27.78193664550781,1.9289395809173584,1014.1218872070312,1,0,0.2395193917410552,0,0,2,1,3,Moderate,0.3,21.5,1,0,0.4267366504777607,0.2795093928712587,0.9288724892312917,0.6088837478439262
Odisha Coast,21.5,84.5,0.46887502,27.78193664550781,1.782176494598389,1014.0406494140624,1,0,0.1582815987721915,0,0,2,0,2,Low,0.2,21.5,1,0,0.4267366504777607,0.25553574305410326,0.9083231693195741,0.5514046590250065
Odisha Coast,21.5,85.0,0.44470835,27.78193664550781,1.4469794034957886,1013.8037719726562,1,0,-0.07859584263394481,0,0,2,0,2,Low,0.2,21.5,1,0,0.4267366504777607,0.20078152737647742,0.848404378502725,0.522565673830521
Odisha Coast,21.5,85.5,0.43418753,27.78193664550781,1.289667010307312,1013.8470458984376,1,0,-0.035321916852581126,0,0,2,0,2,Low,0.2,21.5,1,0,0.4267366504777607,0.17508465549411129,0.8593506353152162,0.5100107884361391
Odisha Coast,21.5,86.0,0.46970835,27.78193664550781,1.2106579542160034,1013.884033203125,1,0,0.0016653878348051876,0,0,2,0,2,Low,0.2,21.5,1,0,0.4267366504777607,0.16217858019531048,0.868706674283244,0.5523991026753778
Odisha Coast,21.5,86.5,0.50037503,27.78193664550781,1.2502391572509493,1013.8823678152902,1,0,0.0,0,0,2,1,3,Moderate,0.3,21.5,1,0,0.4267366504777607,0.1686441426517936,0.8682854099166997,0.5889947913028978
Odisha Coast,21.5,87.0,0.5045417,27.78193664550781,1.439038872718811,1013.8961791992188,1,0,0.013811383928555188,0,0,2,1,3,Moderate,0.3,21.5,1,0,0.4267366504777607,0.1994844471025189,0.8717790369146686,0.5939670334214977
Odisha Coast,22.0,84.0,0.48483336,27.78193664550781,1.9462480545043943,1014.1532592773438,1,0,0.2708914620535552,0,0,2,0,2,Low,0.2,22.0,1,0,0.4267366504777607,0.2823367201989442,0.9368081394451221,0.5704483390598878
Odisha Coast,22.0,84.5,0.425125,27.78193664550781,1.926109790802002,1014.1281127929688,1,0,0.2457449776785552,0,0,2,0,2,Low,0.2,22.0,1,0,0.4267366504777607,0.27904714859047164,0.9304472680674993,0.4991961346797638
Odisha Coast,22.0,85.0,0.40347224,27.78193664550781,1.7022552490234375,1014.1009521484376,1,0,0.21858433314741887,0,0,2,0,2,Low,0.2,22.0,1,0,0.4267366504777607,0.24248066222675824,0.9235769094193677,0.4733570916895733
Odisha Coast,22.0,85.5,0.40058336,27.78193664550781,1.5219660997390747,1013.8961181640624,1,0,0.0137503487721915,0,0,2,0,2,Low,0.2,22.0,1,0,0.4267366504777607,0.21303055294394796,0.8717635979064418,0.4699096838527201
Odisha Coast,22.0,86.0,0.43444446,27.78193664550781,1.2632619142532349,1014.2946166992188,1,0,0.4122488839285552,0,0,2,0,2,Low,0.2,22.0,1,0,0.4267366504777607,0.17077140110524539,0.9725648824319526,0.5103173925510635
Odisha Coast,22.0,86.5,0.47333336,27.78193664550781,1.2502391572509493,1013.8823678152902,1,0,0.0,0,0,2,0,2,Low,0.2,22.0,1,0,0.4267366504777607,0.1686441426517936,0.8682854099166997,0.5567249617912536
Odisha Coast,22.0,87.0,0.4423889,27.78193664550781,1.7594865560531616,1013.8510131835938,1,0,-0.03135463169644481,0,0,2,0,2,Low,0.2,22.0,1,0,0.4267366504777607,0.25182935710447946,0.8603541708480648,0.5197977879691528
Tamil Nadu,8.0,78.0,0.04388889,29.675426483154297,6.085086822509766,1011.3072509765624,1,1,-0.4618024128239995,0,1,0,0,5,Moderate,0.5,8.0,0,0,0.9096959751849043,0.9584132034788059,0.21690262617526573,0.04425292024876249
Tamil Nadu,8.0,78.5,0.014875001,29.42401059468587,4.343016990801183,1011.7690533893864,1,1,0.0,0,0,0,0,3,Moderate,0.3,8.0,0,0,0.8455690676614497,0.6738472874170206,0.33371679813043714,0.00962956852899945
Tamil Nadu,8.0,79.0,0.006805556,29.42401059468587,6.339674949645996,1011.2628784179688,1,1,-0.5061749714176358,0,1,0,0,5,Moderate,0.5,8.0,0,0,0.8455690676614497,1.0,0.2056784672152661,0.0
Tamil Nadu,8.0,79.5,0.018333334,29.42401059468587,6.077450752258301,1011.15771484375,1,1,-0.6113385456363858,0,1,0,0,5,Moderate,0.5,8.0,0,0,0.8455690676614497,0.9571658566235487,0.17907705608991678,0.013756525788092265
Tamil Nadu,8.0,80.0,0.08838889,29.39631462097168,4.562219619750977,1011.0524291992188,1,1,-0.7166241901676358,0,0,0,0,3,Moderate,0.3,8.0,0,0,0.8385048476713712,0.7096538870003859,0.15244476694817125,0.09735642359260774
Tamil Nadu,8.5,78.0,0.08291667,29.42401059468587,4.64724588394165,1011.1400756835938,1,1,-0.6289777057926358,0,0,0,0,3,Moderate,0.3,8.5,0,0,0.8455690676614497,0.7235428691286167,0.17461518272066204,0.09082622015287163
Tamil Nadu,8.5,78.5,0.00925,29.42401059468587,4.343016990801183,1011.7690533893864,1,1,0.0,0,0,0,0,3,Moderate,0.3,8.5,0,0,0.8455690676614497,0.6738472874170206,0.33371679813043714,0.002917045845569494
Tamil Nadu,8.5,79.0,0.00875,29.42401059468587,6.275639533996582,1011.4854125976562,1,1,-0.2836407917301358,0,1,0,0,5,Moderate,0.5,8.5,0,0,0.8455690676614497,0.9895398586308101,0.26196909110558736,0.0023203772686723576
Tamil Nadu,8.5,79.5,0.010375001,29.42401059468587,6.25142240524292,1011.3548583984376,1,1,-0.4141949909487721,0,1,0,0,5,Moderate,0.5,8.5,0,0,0.8455690676614497,0.985584007204686,0.22894505256985168,0.004259551336925208
Tamil Nadu,8.5,80.0,0.066583335,29.42401059468587,4.845526695251465,1011.3043212890624,1,1,-0.4647321003239995,0,0,0,0,3,Moderate,0.3,8.5,0,0,0.8455690676614497,0.7559319041034729,0.2161615537817563,0.07133504465200322
Tamil Nadu,9.0,78.0,0.11333333,29.42401059468587,3.872695446014404,1011.3080444335938,1,1,-0.4610089557926358,0,0,1,0,3,Moderate,0.3,9.0,0,0,0.8455690676614497,0.597020584606503,0.21710333328186998,0.1271235506251998
Tamil Nadu,9.0,78.5,0.061708335,29.42401059468587,4.343016990801183,1011.7690533893864,1,1,0.0,0,0,0,0,3,Moderate,0.3,9.0,0,0,0.8455690676614497,0.6738472874170206,0.33371679813043714,0.06551752602725613
Tamil Nadu,9.0,79.0,0.028694443,29.42401059468587,5.463188171386719,1011.5712280273438,1,1,-0.1978253620426358,0,1,0,0,5,Moderate,0.5,9.0,0,0,0.8455690676614497,0.8568264839723616,0.28367633663213476,0.026120822112304518
Tamil Nadu,9.0,79.5,0.033291668,29.42401059468587,6.164607524871826,1011.5440063476562,1,1,-0.2250470417301358,0,1,0,0,5,Moderate,0.5,9.0,0,0,0.8455690676614497,0.9714028558461524,0.2767905389757762,0.03160686150915641
Tamil Nadu,9.0,80.0,0.07530556,29.42401059468587,5.090007305145264,1011.5103759765624,1,1,-0.2586774128239995,0,1,0,0,5,Moderate,0.5,9.0,0,0,0.8455690676614497,0.7958676445930142,0.26828364545858696,0.08174359980825648
Tamil Nadu,9.5,78.0,0.14420834,29.42401059468587,3.370849132537842,1011.3121948242188,1,1,-0.4568585651676358,0,0,1,0,3,Moderate,0.3,9.5,0,0,0.8455690676614497,0.5150443323820876,0.21815318583934168,0.16396784718196963
Tamil Nadu,9.5,78.5,0.136875,29.42401059468587,4.343016990801183,1011.7690533893864,1,1,0.0,0,0,1,0,3,Moderate,0.3,9.5,0,0,0.8455690676614497,0.6738472874170206,0.33371679813043714,0.15521670009856392
Tamil Nadu,9.5,79.0,0.103125006,29.42401059468587,4.584547996520996,1011.6278686523438,1,1,-0.1411847370426358,0,0,1,0,3,Moderate,0.3,9.5,0,0,0.8455690676614497,0.7133012120812074,0.29800373623998394,0.11494157831803004
Tamil Nadu,9.5,79.5,0.1358125,29.42401059468587,5.823587894439697,1011.7286987304688,1,1,-0.04035465891763579,0,1,1,0,5,Moderate,0.5,9.5,0,0,0.8455690676614497,0.9156975323495661,0.3235089777832672,0.1539487793726575
Tamil Nadu,9.5,80.0,0.11820834,29.42401059468587,5.714304447174072,1011.7034912109376,1,1,-0.0655621784487721,0,1,1,0,5,Moderate,0.5,9.5,0,0,0.8455690676614497,0.8978461559492115,0.31713266739747514,0.13294108118331846
Tamil Nadu,10.0,78.0,0.16852778,29.42401059468587,2.7532825469970703,1011.6358032226562,1,1,-0.1332501667301358,0,0,1,0,3,Moderate,0.3,10.0,0,0,0.8455690676614497,0.41416525282693667,0.3000108073057387,0.1929891384934403
Tamil Nadu,10.0,78.5,0.17116667,29.42401059468587,4.343016990801183,1011.7690533893864,1,1,0.0,0,0,1,0,3,Moderate,0.3,10.0,0,0,0.8455690676614497,0.6738472874170206,0.33371679813043714,0.19613822397521646
Tamil Nadu,10.0,79.0,0.16669446,29.42401059468587,3.7884581089019775,1011.7594604492188,1,1,-0.009592940167635788,0,0,1,0,3,Moderate,0.3,10.0,0,0,0.8455690676614497,0.5832604731771622,0.33129023791511636,0.19080136962264616
Tamil Nadu,10.0,79.5,0.18700002,29.42401059468587,4.909051418304443,1011.874267578125,1,1,0.10521418873861421,0,0,1,0,3,Moderate,0.3,10.0,0,0,0.8455690676614497,0.7663086241861647,0.36033101233576753,0.21503274879924505
Tamil Nadu,10.0,80.0,0.22594446,29.20029067993164,5.7896037101745605,1011.901611328125,1,1,0.1325579387386142,0,1,1,0,5,Moderate,0.5,10.0,0,0,0.7885063801280745,0.910146239082788,0.3672476880085223,0.261506595984957
Tamil Nadu,10.5,78.0,0.18795834,29.42401059468587,2.4722671508789062,1011.758544921875,1,1,-0.010508467511385788,0,0,1,0,3,Moderate,0.3,10.5,0,0,0.8455690676614497,0.3682615799842696,0.33105865279214464,0.2161763476604692
Tamil Nadu,10.5,78.5,0.22800002,29.42401059468587,4.343016990801183,1011.7690533893864,1,1,0.0,0,0,1,0,3,Moderate,0.3,10.5,0,0,0.8455690676614497,0.6738472874170206,0.33371679813043714,0.26395957210481036
Tamil Nadu,10.5,79.0,0.20600002,29.42401059468587,3.382814645767212,1011.8419799804688,1,1,0.07292659108236421,0,0,1,0,3,Moderate,0.3,10.5,0,0,0.8455690676614497,0.5169988907880073,0.35216377699896556,0.2377061547213363
Tamil Nadu,10.5,79.5,0.19725001,29.42401059468587,4.0789055824279785,1012.0128173828124,1,1,0.24376399342600052,0,0,1,0,3,Moderate,0.3,10.5,0,0,0.8455690676614497,0.6307048694162585,0.3953775609454561,0.22726444269226484
Tamil Nadu,10.5,80.0,0.26170835,29.42401059468587,5.314682960510254,1012.062744140625,1,1,0.2936907512386142,0,1,1,0,5,Moderate,0.5,10.5,0,0,0.8455690676614497,0.8325682592997246,0.4080066696515416,0.3041849746861685
Tamil Nadu,11.0,78.0,0.22180557,29.42401059468587,2.770007371902466,1011.6227416992188,1,1,-0.1463116901676358,0,0,1,0,3,Moderate,0.3,11.0,0,0,0.8455690676614497,0.41689724154148144,0.2967068595513424,0.2565675047724894
Tamil Nadu,11.0,78.5,0.25608334,29.42401059468587,4.343016990801183,1011.7690533893864,1,1,0.0,0,0,1,0,3,Moderate,0.3,11.0,0,0,0.8455690676614497,0.6738472874170206,0.33371679813043714,0.2974724412627042
Tamil Nadu,11.0,79.0,0.25619447,29.42401059468587,3.3769071102142334,1011.8728637695312,1,1,0.10381038014486421,0,0,1,0,3,Moderate,0.3,11.0,0,0,0.8455690676614497,0.5160338988940532,0.35997591514721095,0.2976050568206054
Tamil Nadu,11.0,79.5,0.25320834,29.42401059468587,3.715174674987793,1012.17626953125,1,1,0.4072161418636142,0,0,1,0,3,Moderate,0.3,11.0,0,0,0.8455690676614497,0.571289674346733,0.4367232249000324,0.29404159694554566
Tamil Nadu,11.0,80.0,0.29261112,29.42401059468587,4.918562412261963,1012.2320556640624,1,1,0.4630022746760005,0,0,1,0,3,Moderate,0.3,11.0,0,0,0.8455690676614497,0.7678622385470341,0.4508344783930793,0.3410623982823277
Tamil Nadu,11.5,78.0,0.24541669,29.42401059468587,2.979562997817993,1011.483154296875,1,1,-0.2858990925113858,0,0,1,0,3,Moderate,0.3,11.5,0,0,0.8455690676614497,0.451128009774272,0.26139784780225717,0.2847435315111845
Tamil Nadu,11.5,78.5,0.27962503,29.42401059468587,4.343016990801183,1011.7690533893864,1,1,0.0,0,0,1,0,3,Moderate,0.3,11.5,0,0,0.8455690676614497,0.6738472874170206,0.33371679813043714,0.32556561460281136
Tamil Nadu,11.5,79.0,0.29770836,29.42401059468587,3.358680725097656,1011.9957275390624,1,1,0.22667414967600052,0,0,1,0,3,Moderate,0.3,11.5,0,0,0.8455690676614497,0.5130566313455376,0.39105463864998435,0.347145124156134
Tamil Nadu,11.5,79.5,0.27850002,29.42401059468587,3.5611066818237305,1012.296875,1,1,0.5278216106136142,0,0,1,0,3,Moderate,0.3,11.5,0,0,0.8455690676614497,0.5461227729903547,0.46723070509950443,0.32422309837142127
Tamil Nadu,11.5,80.0,0.198375,29.42401059468587,4.7400665283203125,1012.4110107421876,1,1,0.6419573528012279,0,0,1,0,3,Moderate,0.3,11.5,0,0,0.8455690676614497,0.7387050579320088,0.49610165043000515,0.22860693505691188
Tamil Nadu,12.0,78.0,0.25819445,29.42401059468587,3.130061388015747,1011.4696655273438,1,1,-0.2993878620426358,0,0,1,0,3,Moderate,0.3,12.0,0,0,0.8455690676614497,0.4757118189264254,0.2579858269904741,0.29999170726145086
Tamil Nadu,12.0,78.5,0.29008335,29.42401059468587,4.343016990801183,1011.7690533893864,1,1,0.0,0,0,1,0,3,Moderate,0.3,12.0,0,0,0.8455690676614497,0.6738472874170206,0.33371679813043714,0.33804591642508114
Tamil Nadu,12.0,79.0,0.28988892,29.42401059468587,3.202798843383789,1012.1375732421876,1,1,0.3685198528012279,0,0,1,0,3,Moderate,0.3,12.0,0,0,0.8455690676614497,0.4875934325345948,0.4269348937024573,0.3378138958822689
Tamil Nadu,12.0,79.5,0.26075003,29.42401059468587,3.308157444000244,1012.3827514648438,1,1,0.6136980754573642,0,0,1,0,3,Moderate,0.3,12.0,0,0,0.8455690676614497,0.5048036879179879,0.4889533896342499,0.30304137582494445
Tamil Nadu,12.0,80.0,0.19686112,29.42401059468587,4.413002967834473,1012.5603637695312,1,1,0.7913103801448642,0,0,1,0,3,Moderate,0.3,12.0,0,0,0.8455690676614497,0.6852794489202276,0.5338809034907598,0.2268003658065258
Tamil Nadu,12.5,78.0,0.29266667,29.42401059468587,3.4332468509674072,1011.60888671875,1,1,-0.1601666706363858,0,0,1,0,3,Moderate,0.3,12.5,0,0,0.8455690676614497,0.5252369570300098,0.29320220469037067,0.341128688161221
Tamil Nadu,12.5,78.5,0.30893752,29.42401059468587,4.343016990801183,1011.7690533893864,1,1,0.0,0,0,2,0,3,Moderate,0.3,12.5,0,0,0.8455690676614497,0.6738472874170206,0.33371679813043714,0.36054529799003454
Tamil Nadu,12.5,79.0,0.29920834,29.42401059468587,3.149500608444214,1012.1218872070312,1,1,0.3528338176448642,0,0,1,0,3,Moderate,0.3,12.5,0,0,0.8455690676614497,0.4788872022939958,0.4229670685955134,0.3489351060200824
Tamil Nadu,12.5,79.5,0.25725,29.42401059468587,3.0085549354553223,1012.5359497070312,1,1,0.7668963176448642,0,0,1,0,3,Moderate,0.3,12.5,0,0,0.8455690676614497,0.4558638229672949,0.5277053002115144,0.2988646599865498
Tamil Nadu,12.5,80.0,0.24575001,29.42401059468587,3.878716468811035,1012.6947021484376,1,1,0.9256487590512279,0,0,1,0,3,Moderate,0.3,12.5,0,0,0.8455690676614497,0.5980041145641235,0.567862160534836,0.2851412946512872
Tamil Nadu,13.0,78.0,0.25697222,29.42401059468587,3.462467908859253,1011.7106323242188,1,1,-0.05842106516763579,0,0,1,0,3,Moderate,0.3,13.0,0,0,0.8455690676614497,0.5300101968599723,0.31893903135662566,0.29853317479196884
Tamil Nadu,13.0,78.5,0.27345833,29.42401059468587,4.343016990801183,1011.7690533893864,1,1,0.0,0,0,1,0,3,Moderate,0.3,13.0,0,0,0.8455690676614497,0.6738472874170206,0.33371679813043714,0.31820666237650824
West Bengal,21.0,87.5,0.55691665,27.22825050354004,1.7499510049819946,1014.0552978515624,1,0,0.01752427045028071,0,0,2,1,3,Moderate,0.3,21.0,1,0,0.2855117651322802,0.25027173135588404,0.9120285312871214,0.6564680071846152
West Bengal,21.0,88.0,0.484,27.22825050354004,2.156140089035034,1014.0457763671876,1,0,0.008002786075508084,0,0,2,0,2,Low,0.2,21.0,1,0,0.2855117651322802,0.31662244054903105,0.9096200460082732,0.5694538596094018
West Bengal,21.0,88.5,0.50145835,27.22825050354004,2.3257017977097454,1014.0377735811121,1,0,0.0,0,0,2,1,3,Moderate,0.3,21.0,1,0,0.2855117651322802,0.34432022974195725,0.9075957195803791,0.5902875573083461
West Bengal,21.0,89.0,0.68155557,27.22825050354004,2.4138786792755127,1013.8558349609376,1,0,-0.18193862017449192,0,0,3,1,3,Moderate,0.3,21.0,1,0,0.2855117651322802,0.3587238630645229,0.8615738524957445,0.8052042612294076
West Bengal,21.5,87.5,0.57437503,27.22825050354004,2.0305397510528564,1014.30712890625,1,0,0.2693553251378944,0,0,2,1,3,Moderate,0.3,21.5,1,0,0.2855117651322802,0.2961057112049991,0.9757298791125658,0.6773017406836741
West Bengal,21.5,88.0,0.5332917,27.22825050354004,2.490424156188965,1013.9898681640624,1,0,-0.04790541704971929,0,0,2,1,3,Moderate,0.3,21.5,1,0,0.2855117651322802,0.371227514388821,0.8954779144987438,0.6282754765930831
West Bengal,21.5,88.5,0.46187502,27.22825050354004,2.3257017977097454,1014.0377735811121,1,0,0.0,0,0,2,0,2,Low,0.2,21.5,1,0,0.2855117651322802,0.34432022974195725,0.9075957195803791,0.5430512989484466
West Bengal,21.5,89.0,0.461875,27.22825050354004,2.4632272720336914,1013.8523559570312,1,0,-0.1854176240808556,0,0,2,0,2,Low,0.2,21.5,1,0,0.2855117651322802,0.36678492195492235,0.8606938290284232,0.5430512750817035
West Bengal,22.0,87.5,0.420625,27.22825050354004,2.2481882572174072,1014.3668823242188,1,0,0.3291087431066444,0,0,2,0,2,Low,0.2,22.0,1,0,0.2855117651322802,0.3316584458938547,0.9908446681385188,0.4938261174876896
West Bengal,22.0,88.0,0.42483336,27.22825050354004,2.694633960723877,1013.9034423828124,1,0,-0.1343311982997193,0,0,2,0,2,Low,0.2,22.0,1,0,0.2855117651322802,0.40458504635370285,0.8736162788902153,0.49884810983223127
West Bengal,22.0,88.5,0.41220835,27.22825050354004,2.3257017977097454,1014.0377735811121,1,0,0.0,0,0,2,0,2,Low,0.2,22.0,1,0,0.2855117651322802,0.34432022974195725,0.9075957195803791,0.483782216332207
West Bengal,22.0,89.0,0.36769447,27.22825050354004,2.405222177505493,1013.7245483398438,1,0,-0.3132252412683556,0,0,2,0,2,Low,0.2,22.0,1,0,0.2855117651322802,0.35730982941831707,0.8283645458615738,0.4306621494686671
West Bengal,22.5,87.0,0.4065417,27.22825050354004,1.9794799089431765,1014.2490844726562,1,0,0.2113108915441444,0,0,2,0,2,Low,0.2,22.5,1,0,0.2855117651322802,0.2877651209029097,0.96104738231616,0.4770199923496587
West Bengal,22.5,87.5,0.37475002,27.22825050354004,2.194050073623657,1014.2965698242188,1,0,0.2587962431066444,0,0,2,0,2,Low,0.2,22.5,1,0,0.2855117651322802,0.32281501061481827,0.9730589306942922,0.43908179942412034
West Bengal,22.5,88.0,0.3832917,27.22825050354004,2.593957901000977,1014.0695190429688,1,0,0.0317454618566444,0,0,2,0,2,Low,0.2,22.5,1,0,0.2855117651322802,0.3881396808241019,0.9156258201973105,0.4492749035239418
West Bengal,22.5,88.5,0.37468752,27.22825050354004,2.3257017977097454,1014.0377735811121,1,0,0.0,0,0,2,0,2,Low,0.2,22.5,1,0,0.2855117651322802,0.34432022974195725,0.9075957195803791,0.43900721585200814
West Bengal,22.5,89.0,0.351125,27.22825050354004,2.462732315063477,1013.7713012695312,1,0,-0.2664723115808556,0,0,2,0,2,Low,0.2,22.5,1,0,0.2855117651322802,0.36670407107221,0.8401908261413287,0.4108891852989875
West Bengal,23.0,87.0,0.35391667,27.22825050354004,2.2815825939178467,1014.2091674804688,1,0,0.1713938993566444,0,0,2,0,2,Low,0.2,23.0,1,0,0.2855117651322802,0.3371133879641826,0.9509502709545938,0.41422058883112034
West Bengal,23.0,87.5,0.334625,27.22825050354004,2.3786637783050537,1014.2157592773438,1,0,0.1779856962316444,0,0,2,0,2,Low,0.2,23.0,1,0,0.2855117651322802,0.352971533065297,0.9526176838399901,0.3911991222613819
West Bengal,23.0,88.0,0.31725,27.22825050354004,2.548112630844116,1013.9637451171876,1,0,-0.07402846392449192,0,0,2,0,2,Low,0.2,23.0,1,0,0.2855117651322802,0.3806508872856179,0.8888700189900088,0.37046488921420634
West Bengal,23.0,88.5,0.31104168,27.22825050354004,2.3257017977097454,1014.0377735811121,1,0,0.0,0,0,2,0,2,Low,0.2,23.0,1,0,0.2855117651322802,0.34432022974195725,0.9075957195803791,0.3630562702955623
West Bengal,23.0,89.0,0.29530558,27.22825050354004,2.446146011352539,1013.765869140625,1,0,-0.2719044404871056,0,0,1,0,2,Low,0.2,23.0,1,0,0.2855117651322802,0.36399470970008124,0.8388167544116966,0.3442777975097402
